qkey,attribute,group,input_prompt,output_token,output_dist,ordinal,question
Q1,commuter_profile,"Workers age 30 to 54, with high earnings, living in Manhattan and working in Manhattan.","Question: What is the commuter profile of this respondent?
A. Workers age 30 to 54, with high earnings, living in Manhattan and working in Manhattan.
B. N/A
C. N/A
D. N/A
E. N/A
Answer: A.

Answer the following question keeping in mind your previous answers.
Question: Traffic congestion is a major problem in NYC.
A. Strongly disagree
B. Disagree
C. Neutral
D. Agree
E. Strongly agree
Answer:","[' D', ' A', ' B', ' B', ' D', ' D', ' E', ' A', ' C', ' A', ' B', ' C', ' A', ' B', ' D', ' C', ' B', ' C', ' D', ' A', ' D', ' D', ' C', ' B', ' E', ' B', ' A', ' A', ' E', ' D', ' D', ' D', ' C', ' E', ' C', ' C', ' E', ' D', ' E', ' C', ' D', ' A', ' B', ' B', ' A', ' B', ' A', ' B', ' D', ' C', ' C', ' B', ' B', ' E', ' D', ' D', ' B', ' D', ' B', ' C', ' E', ' D', ' C', ' D', ' E', ' D', ' B', ' A', ' B', ' B', ' B', ' E', ' E', ' B', ' D', ' C', ' E', ' C', ' B', ' B', ' C', ' B', ' C', ' E', ' C', ' B', ' E', ' C', ' A', ' A', ' A', ' D', ' D', ' C', ' A', ' C', ' E', ' C', ' E', ' E']","[0.14291218322642527, 0.19533779428985948, 0.2608101735518574, 0.22308276326181917, 0.17785708567003872, 0.0]","[1.0, 1.0, 1.0, 1.0, 1.0]",Traffic congestion is a major problem in NYC.
Q2,commuter_profile,"Workers age 30 to 54, with high earnings, living in Manhattan and working in Manhattan.","Question: What is the commuter profile of this respondent?
A. Workers age 30 to 54, with high earnings, living in Manhattan and working in Manhattan.
B. N/A
C. N/A
D. N/A
E. N/A
Answer: A.

Answer the following question keeping in mind your previous answers.
Question: Public transit should be prioritized over road capacity expansion.
A. Strongly disagree
B. Disagree
C. Neutral
D. Agree
E. Strongly agree
Answer:","[' A', ' D', ' A', ' C', ' D', ' D', ' C', ' C', ' A', ' C', ' B', ' D', ' C', ' D', ' C', ' B', ' D', ' D', ' B', ' A', ' C', ' C', ' D', ' C', ' C', ' C', ' B', ' A', ' A', ' E', ' D', ' B', ' E', ' C', ' A', ' D', ' C', ' E', ' D', ' A', ' C', ' D', ' E', ' B', ' C', ' D', ' B', ' D', ' D', ' A', ' C', ' B', ' B', ' C', ' E', ' C', ' A', ' C', ' D', ' E', ' D', ' A', ' E', ' C', ' A', ' A', ' A', ' D', ' A', ' D', ' A', ' C', ' C', ' A', ' A', ' E', ' E', ' A', ' D', ' E', ' E', ' E', ' B', ' D', ' C', ' E', ' D', ' D', ' D', ' C', ' D', ' A', ' B', ' E', ' C', ' D', ' C', ' B', ' C', ' E']","[0.16618115792397278, 0.2184410111214931, 0.27613531190459956, 0.20360941089987902, 0.1356331081500555, 0.0]","[1.0, 1.0, 1.0, 1.0, 1.0]",Public transit should be prioritized over road capacity expansion.
Q4,commuter_profile,"Workers age 30 to 54, with high earnings, living in Manhattan and working in Manhattan.","Question: What is the commuter profile of this respondent?
A. Workers age 30 to 54, with high earnings, living in Manhattan and working in Manhattan.
B. N/A
C. N/A
D. N/A
E. N/A
Answer: A.

Answer the following question keeping in mind your previous answers.
Question: I am satisfied with my current commuting options.
A. Strongly disagree
B. Disagree
C. Neutral
D. Agree
E. Strongly agree
Answer:","[' C', ' C', ' E', ' B', ' B', ' A', ' A', ' A', ' B', ' C', ' E', ' D', ' C', ' C', ' D', ' B', ' A', ' E', ' C', ' A', ' A', ' A', ' E', ' A', ' C', ' E', ' A', ' C', ' C', ' E', ' B', ' B', ' B', ' A', ' D', ' D', ' C', ' A', ' D', ' D', ' D', ' B', ' D', ' C', ' C', ' C', ' B', ' C', ' D', ' D', ' C', ' D', ' E', ' A', ' B', ' B', ' A', ' D', ' D', ' C', ' E', ' C', ' B', ' A', ' C', ' D', ' C', ' A', ' C', ' A', ' C', ' A', ' B', ' D', ' D', ' C', ' B', ' D', ' B', ' A', ' B', ' D', ' C', ' B', ' E', ' D', ' B', ' E', ' B', ' A', ' C', ' E', ' C', ' C', ' C', ' B', ' B', ' C', ' C', ' E']","[0.13426093136952627, 0.2015495295792729, 0.2955528456503913, 0.20794739842796017, 0.16068929497284917, 0.0]","[1.0, 1.0, 1.0, 1.0, 1.0]",I am satisfied with my current commuting options.
Q1,commuter_profile,"Workers age 30 to 54, with high earnings, living in NY_outside_NYC and working in Manhattan.","Question: What is the commuter profile of this respondent?
A. Workers age 30 to 54, with high earnings, living in NY_outside_NYC and working in Manhattan.
B. N/A
C. N/A
D. N/A
E. N/A
Answer: A.

Answer the following question keeping in mind your previous answers.
Question: Traffic congestion is a major problem in NYC.
A. Strongly disagree
B. Disagree
C. Neutral
D. Agree
E. Strongly agree
Answer:","[' B', ' C', ' A', ' C', ' A', ' A', ' B', ' A', ' B', ' D', ' A', ' D', ' B', ' D', ' D', ' B', ' E', ' D', ' A', ' C', ' D', ' E', ' B', ' B', ' D', ' E', ' A', ' A', ' D', ' B', ' C', ' E', ' D', ' D', ' E', ' D', ' D', ' D', ' C', ' A', ' E', ' E', ' C', ' D', ' A', ' C', ' D', ' B', ' C', ' E', ' B', ' C', ' A', ' C', ' E', ' D', ' A', ' E', ' D', ' C', ' B', ' B', ' B', ' D', ' A', ' E', ' A', ' D', ' C', ' C', ' B', ' C', ' C', ' E', ' D', ' C', ' D', ' C', ' B', ' A', ' E', ' E', ' A', ' D', ' D', ' E', ' A', ' A', ' C', ' C', ' A', ' D', ' D', ' C', ' E', ' C', ' D', ' C', ' C', ' C']","[0.13273570605510665, 0.19617065685978144, 0.2788147209646416, 0.22579104200104216, 0.16648787411942825, 0.0]","[1.0, 1.0, 1.0, 1.0, 1.0]",Traffic congestion is a major problem in NYC.
Q2,commuter_profile,"Workers age 30 to 54, with high earnings, living in NY_outside_NYC and working in Manhattan.","Question: What is the commuter profile of this respondent?
A. Workers age 30 to 54, with high earnings, living in NY_outside_NYC and working in Manhattan.
B. N/A
C. N/A
D. N/A
E. N/A
Answer: A.

Answer the following question keeping in mind your previous answers.
Question: Public transit should be prioritized over road capacity expansion.
A. Strongly disagree
B. Disagree
C. Neutral
D. Agree
E. Strongly agree
Answer:","[' E', ' C', ' C', ' D', ' B', ' C', ' C', ' E', ' A', ' A', ' B', ' D', ' D', ' A', ' E', ' C', ' E', ' E', ' A', ' E', ' C', ' B', ' C', ' A', ' D', ' C', ' A', ' B', ' C', ' D', ' B', ' A', ' B', ' A', ' B', ' E', ' B', ' B', ' D', ' B', ' A', ' B', ' C', ' D', ' D', ' A', ' B', ' A', ' C', ' C', ' D', ' C', ' C', ' B', ' C', ' A', ' A', ' D', ' B', ' A', ' D', ' B', ' B', ' C', ' E', ' A', ' C', ' A', ' D', ' C', ' A', ' C', ' C', ' A', ' C', ' D', ' D', ' D', ' C', ' D', ' A', ' C', ' B', ' A', ' A', ' A', ' E', ' C', ' B', ' C', ' D', ' E', ' E', ' A', ' B', ' C', ' B', ' C', ' B', ' E']","[0.15247667508136808, 0.2116928988378839, 0.2939064836931415, 0.20841090464524303, 0.1335130377423636, 0.0]","[1.0, 1.0, 1.0, 1.0, 1.0]",Public transit should be prioritized over road capacity expansion.
Q4,commuter_profile,"Workers age 30 to 54, with high earnings, living in NY_outside_NYC and working in Manhattan.","Question: What is the commuter profile of this respondent?
A. Workers age 30 to 54, with high earnings, living in NY_outside_NYC and working in Manhattan.
B. N/A
C. N/A
D. N/A
E. N/A
Answer: A.

Answer the following question keeping in mind your previous answers.
Question: I am satisfied with my current commuting options.
A. Strongly disagree
B. Disagree
C. Neutral
D. Agree
E. Strongly agree
Answer:","[' C', ' C', ' C', ' C', ' C', ' C', ' A', ' C', ' A', ' A', ' B', ' E', ' C', ' C', ' E', ' E', ' C', ' B', ' C', ' C', ' E', ' A', ' C', ' D', ' C', ' C', ' D', ' B', ' E', ' E', ' A', ' C', ' C', ' C', ' C', ' B', ' D', ' E', ' E', ' E', ' B', ' D', ' D', ' C', ' D', ' B', ' D', ' B', ' C', ' B', ' C', ' A', ' B', ' D', ' B', ' D', ' D', ' C', ' C', ' B', ' C', ' E', ' E', ' C', ' C', ' E', ' C', ' D', ' A', ' B', ' D', ' C', ' D', ' C', ' E', ' A', ' B', ' D', ' C', ' D', ' C', ' D', ' D', ' B', ' A', ' B', ' C', ' E', ' E', ' D', ' B', ' E', ' A', ' B', ' D', ' C', ' C', ' B', ' A', ' A']","[0.12986201309463988, 0.19342888953781823, 0.3043063575309638, 0.21078685330531477, 0.1616158865312633, 0.0]","[1.0, 1.0, 1.0, 1.0, 1.0]",I am satisfied with my current commuting options.
Q1,commuter_profile,"Workers age 30 to 54, with high earnings, living in Brooklyn and working in Manhattan.","Question: What is the commuter profile of this respondent?
A. Workers age 30 to 54, with high earnings, living in Brooklyn and working in Manhattan.
B. N/A
C. N/A
D. N/A
E. N/A
Answer: A.

Answer the following question keeping in mind your previous answers.
Question: Traffic congestion is a major problem in NYC.
A. Strongly disagree
B. Disagree
C. Neutral
D. Agree
E. Strongly agree
Answer:","[' C', ' A', ' D', ' B', ' E', ' B', ' D', ' B', ' E', ' E', ' A', ' D', ' B', ' C', ' E', ' B', ' B', ' A', ' A', ' C', ' B', ' A', ' D', ' B', ' B', ' B', ' E', ' B', ' D', ' E', ' C', ' B', ' A', ' D', ' B', ' C', ' D', ' D', ' B', ' C', ' B', ' B', ' C', ' A', ' A', ' B', ' B', ' C', ' B', ' C', ' D', ' D', ' C', ' E', ' A', ' C', ' D', ' C', ' C', ' B', ' D', ' B', ' C', ' D', ' D', ' E', ' B', ' B', ' B', ' D', ' C', ' D', ' C', ' C', ' E', ' C', ' C', ' D', ' E', ' E', ' C', ' A', ' A', ' A', ' A', ' D', ' C', ' A', ' D', ' C', ' C', ' E', ' A', ' C', ' C', ' C', ' B', ' D', ' E', ' E']","[0.14220302572581667, 0.20053840912375728, 0.26985392527675334, 0.2185343685064482, 0.1688702713672244, 0.0]","[1.0, 1.0, 1.0, 1.0, 1.0]",Traffic congestion is a major problem in NYC.
Q2,commuter_profile,"Workers age 30 to 54, with high earnings, living in Brooklyn and working in Manhattan.","Question: What is the commuter profile of this respondent?
A. Workers age 30 to 54, with high earnings, living in Brooklyn and working in Manhattan.
B. N/A
C. N/A
D. N/A
E. N/A
Answer: A.

Answer the following question keeping in mind your previous answers.
Question: Public transit should be prioritized over road capacity expansion.
A. Strongly disagree
B. Disagree
C. Neutral
D. Agree
E. Strongly agree
Answer:","[' A', ' C', ' A', ' D', ' C', ' A', ' A', ' D', ' A', ' D', ' C', ' C', ' D', ' C', ' C', ' C', ' B', ' A', ' C', ' B', ' D', ' B', ' C', ' E', ' C', ' D', ' D', ' E', ' B', ' D', ' A', ' B', ' C', ' B', ' C', ' B', ' B', ' C', ' C', ' D', ' C', ' B', ' E', ' D', ' C', ' C', ' A', ' B', ' A', ' E', ' D', ' A', ' D', ' B', ' D', ' C', ' B', ' A', ' B', ' C', ' D', ' A', ' C', ' E', ' A', ' C', ' D', ' C', ' E', ' C', ' C', ' B', ' C', ' C', ' E', ' D', ' B', ' E', ' C', ' D', ' B', ' B', ' C', ' C', ' B', ' E', ' E', ' D', ' E', ' D', ' C', ' A', ' C', ' E', ' C', ' D', ' B', ' A', ' C', ' B']","[0.16154438877310098, 0.21908668161823477, 0.27912367355130474, 0.20421124197913493, 0.1360340140782246, 0.0]","[1.0, 1.0, 1.0, 1.0, 1.0]",Public transit should be prioritized over road capacity expansion.
Q4,commuter_profile,"Workers age 30 to 54, with high earnings, living in Brooklyn and working in Manhattan.","Question: What is the commuter profile of this respondent?
A. Workers age 30 to 54, with high earnings, living in Brooklyn and working in Manhattan.
B. N/A
C. N/A
D. N/A
E. N/A
Answer: A.

Answer the following question keeping in mind your previous answers.
Question: I am satisfied with my current commuting options.
A. Strongly disagree
B. Disagree
C. Neutral
D. Agree
E. Strongly agree
Answer:","[' C', ' B', ' C', ' B', ' C', ' E', ' A', ' B', ' D', ' A', ' B', ' D', ' E', ' B', ' B', ' E', ' B', ' C', ' C', ' C', ' E', ' E', ' D', ' D', ' D', ' D', ' C', ' B', ' B', ' E', ' D', ' A', ' E', ' B', ' D', ' C', ' B', ' B', ' C', ' C', ' C', ' D', ' D', ' E', ' C', ' E', ' C', ' E', ' D', ' D', ' A', ' C', ' C', ' A', ' C', ' C', ' A', ' A', ' C', ' C', ' E', ' E', ' D', ' D', ' B', ' D', ' A', ' B', ' C', ' B', ' A', ' C', ' E', ' A', ' B', ' E', ' C', ' C', ' C', ' D', ' C', ' C', ' C', ' D', ' A', ' C', ' D', ' A', ' B', ' C', ' D', ' C', ' C', ' B', ' C', ' E', ' A', ' A', ' B', ' A']","[0.132500206789359, 0.2052203348506473, 0.30093572570993743, 0.2052203348506473, 0.15612339779940898, 0.0]","[1.0, 1.0, 1.0, 1.0, 1.0]",I am satisfied with my current commuting options.
Q1,commuter_profile,"Workers age 30 to 54, with high earnings, living in Queens and working in Manhattan.","Question: What is the commuter profile of this respondent?
A. Workers age 30 to 54, with high earnings, living in Queens and working in Manhattan.
B. N/A
C. N/A
D. N/A
E. N/A
Answer: A.

Answer the following question keeping in mind your previous answers.
Question: Traffic congestion is a major problem in NYC.
A. Strongly disagree
B. Disagree
C. Neutral
D. Agree
E. Strongly agree
Answer:","[' B', ' C', ' B', ' D', ' B', ' C', ' E', ' C', ' E', ' D', ' C', ' D', ' C', ' C', ' E', ' C', ' E', ' E', ' A', ' B', ' C', ' D', ' B', ' C', ' C', ' D', ' E', ' D', ' B', ' D', ' C', ' E', ' C', ' E', ' E', ' D', ' D', ' D', ' C', ' B', ' E', ' C', ' A', ' C', ' C', ' B', ' E', ' A', ' E', ' C', ' B', ' C', ' C', ' A', ' D', ' D', ' E', ' D', ' D', ' E', ' E', ' D', ' C', ' C', ' D', ' E', ' D', ' E', ' A', ' C', ' A', ' C', ' C', ' C', ' E', ' B', ' D', ' C', ' B', ' E', ' A', ' C', ' C', ' C', ' E', ' C', ' E', ' B', ' C', ' B', ' D', ' C', ' D', ' A', ' C', ' E', ' A', ' D', ' D', ' D']","[0.1414170350752353, 0.20415933044097648, 0.27046716932049575, 0.2173264759907997, 0.16662998917249267, 0.0]","[1.0, 1.0, 1.0, 1.0, 1.0]",Traffic congestion is a major problem in NYC.
Q2,commuter_profile,"Workers age 30 to 54, with high earnings, living in Queens and working in Manhattan.","Question: What is the commuter profile of this respondent?
A. Workers age 30 to 54, with high earnings, living in Queens and working in Manhattan.
B. N/A
C. N/A
D. N/A
E. N/A
Answer: A.

Answer the following question keeping in mind your previous answers.
Question: Public transit should be prioritized over road capacity expansion.
A. Strongly disagree
B. Disagree
C. Neutral
D. Agree
E. Strongly agree
Answer:","[' E', ' A', ' D', ' C', ' E', ' C', ' E', ' A', ' E', ' C', ' B', ' B', ' C', ' A', ' C', ' A', ' A', ' B', ' B', ' B', ' D', ' C', ' D', ' E', ' E', ' E', ' C', ' D', ' E', ' C', ' A', ' C', ' C', ' B', ' A', ' B', ' D', ' D', ' C', ' C', ' A', ' A', ' C', ' C', ' C', ' B', ' A', ' B', ' A', ' C', ' B', ' C', ' C', ' C', ' D', ' D', ' A', ' E', ' D', ' D', ' C', ' E', ' D', ' B', ' D', ' D', ' D', ' E', ' C', ' D', ' A', ' C', ' A', ' D', ' E', ' B', ' A', ' A', ' C', ' A', ' D', ' C', ' C', ' D', ' A', ' C', ' A', ' C', ' D', ' A', ' D', ' E', ' B', ' B', ' B', ' D', ' A', ' D', ' B', ' D']","[0.16206004636464647, 0.22499809221591574, 0.28001464997171727, 0.20168698636630822, 0.13124022508141234, 0.0]","[1.0, 1.0, 1.0, 1.0, 1.0]",Public transit should be prioritized over road capacity expansion.
Q4,commuter_profile,"Workers age 30 to 54, with high earnings, living in Queens and working in Manhattan.","Question: What is the commuter profile of this respondent?
A. Workers age 30 to 54, with high earnings, living in Queens and working in Manhattan.
B. N/A
C. N/A
D. N/A
E. N/A
Answer: A.

Answer the following question keeping in mind your previous answers.
Question: I am satisfied with my current commuting options.
A. Strongly disagree
B. Disagree
C. Neutral
D. Agree
E. Strongly agree
Answer:","[' C', ' E', ' C', ' D', ' E', ' C', ' D', ' D', ' E', ' A', ' B', ' E', ' D', ' B', ' D', ' B', ' C', ' C', ' B', ' B', ' C', ' D', ' B', ' D', ' E', ' A', ' B', ' A', ' D', ' C', ' C', ' B', ' D', ' D', ' C', ' D', ' B', ' C', ' E', ' B', ' B', ' A', ' D', ' D', ' A', ' C', ' C', ' B', ' B', ' C', ' B', ' E', ' B', ' C', ' D', ' D', ' C', ' C', ' E', ' B', ' B', ' B', ' D', ' C', ' C', ' A', ' A', ' D', ' B', ' C', ' B', ' B', ' B', ' E', ' C', ' C', ' B', ' D', ' C', ' B', ' B', ' E', ' B', ' C', ' A', ' E', ' B', ' C', ' D', ' C', ' C', ' B', ' D', ' B', ' C', ' E', ' E', ' D', ' C', ' B']","[0.1308721879029621, 0.20750567362488825, 0.30191897360877895, 0.20428859634210964, 0.15541456852126107, 0.0]","[1.0, 1.0, 1.0, 1.0, 1.0]",I am satisfied with my current commuting options.
Q1,commuter_profile,"Workers age 29 or younger, with high earnings, living in Manhattan and working in Manhattan.","Question: What is the commuter profile of this respondent?
A. Workers age 29 or younger, with high earnings, living in Manhattan and working in Manhattan.
B. N/A
C. N/A
D. N/A
E. N/A
Answer: A.

Answer the following question keeping in mind your previous answers.
Question: Traffic congestion is a major problem in NYC.
A. Strongly disagree
B. Disagree
C. Neutral
D. Agree
E. Strongly agree
Answer:","[' E', ' A', ' C', ' C', ' E', ' C', ' C', ' C', ' C', ' E', ' E', ' D', ' A', ' E', ' C', ' D', ' C', ' C', ' E', ' B', ' A', ' E', ' B', ' B', ' C', ' E', ' C', ' A', ' B', ' B', ' A', ' E', ' D', ' A', ' B', ' E', ' D', ' C', ' C', ' E', ' B', ' D', ' A', ' C', ' B', ' B', ' C', ' C', ' E', ' C', ' A', ' E', ' E', ' E', ' B', ' C', ' D', ' A', ' A', ' C', ' B', ' C', ' B', ' E', ' C', ' B', ' B', ' B', ' D', ' D', ' D', ' E', ' D', ' C', ' C', ' A', ' C', ' C', ' E', ' C', ' A', ' C', ' B', ' D', ' E', ' D', ' D', ' C', ' B', ' D', ' D', ' C', ' E', ' E', ' D', ' A', ' E', ' A', ' B', ' A']","[0.1568964884975065, 0.19223359612075838, 0.23737680639337083, 0.22125951286760598, 0.19223359612075838, 0.0]","[1.0, 1.0, 1.0, 1.0, 1.0]",Traffic congestion is a major problem in NYC.
Q2,commuter_profile,"Workers age 29 or younger, with high earnings, living in Manhattan and working in Manhattan.","Question: What is the commuter profile of this respondent?
A. Workers age 29 or younger, with high earnings, living in Manhattan and working in Manhattan.
B. N/A
C. N/A
D. N/A
E. N/A
Answer: A.

Answer the following question keeping in mind your previous answers.
Question: Public transit should be prioritized over road capacity expansion.
A. Strongly disagree
B. Disagree
C. Neutral
D. Agree
E. Strongly agree
Answer:","[' A', ' E', ' A', ' D', ' D', ' D', ' B', ' B', ' D', ' E', ' D', ' C', ' C', ' C', ' D', ' C', ' C', ' C', ' C', ' A', ' B', ' D', ' C', ' D', ' A', ' B', ' C', ' D', ' B', ' D', ' C', ' B', ' D', ' A', ' E', ' B', ' B', ' B', ' C', ' D', ' B', ' C', ' C', ' B', ' A', ' D', ' C', ' C', ' C', ' A', ' D', ' E', ' B', ' D', ' D', ' B', ' B', ' A', ' C', ' C', ' C', ' C', ' C', ' A', ' B', ' C', ' C', ' B', ' B', ' E', ' D', ' D', ' B', ' C', ' D', ' C', ' D', ' A', ' D', ' B', ' B', ' C', ' E', ' C', ' D', ' B', ' E', ' B', ' C', ' D', ' D', ' C', ' D', ' A', ' E', ' C', ' C', ' B', ' C', ' D']","[0.16932787350590406, 0.20746484742415464, 0.2602192162809549, 0.21238473449983092, 0.15060332828915557, 0.0]","[1.0, 1.0, 1.0, 1.0, 1.0]",Public transit should be prioritized over road capacity expansion.
Q4,commuter_profile,"Workers age 29 or younger, with high earnings, living in Manhattan and working in Manhattan.","Question: What is the commuter profile of this respondent?
A. Workers age 29 or younger, with high earnings, living in Manhattan and working in Manhattan.
B. N/A
C. N/A
D. N/A
E. N/A
Answer: A.

Answer the following question keeping in mind your previous answers.
Question: I am satisfied with my current commuting options.
A. Strongly disagree
B. Disagree
C. Neutral
D. Agree
E. Strongly agree
Answer:","[' E', ' C', ' C', ' C', ' D', ' E', ' C', ' B', ' C', ' A', ' D', ' E', ' B', ' D', ' B', ' E', ' C', ' C', ' A', ' B', ' E', ' B', ' C', ' C', ' C', ' D', ' A', ' D', ' A', ' B', ' D', ' B', ' A', ' C', ' D', ' A', ' D', ' C', ' A', ' C', ' A', ' C', ' C', ' C', ' C', ' D', ' B', ' C', ' C', ' A', ' E', ' B', ' D', ' C', ' A', ' B', ' C', ' C', ' E', ' A', ' D', ' E', ' B', ' C', ' A', ' C', ' D', ' B', ' D', ' B', ' A', ' C', ' D', ' B', ' B', ' D', ' D', ' A', ' B', ' C', ' D', ' A', ' D', ' D', ' A', ' D', ' C', ' A', ' A', ' B', ' D', ' B', ' C', ' E', ' C', ' D', ' A', ' E', ' E', ' E']","[0.1468764865198425, 0.19764391565397213, 0.28090864391003184, 0.2055171541907862, 0.1690537997253674, 0.0]","[1.0, 1.0, 1.0, 1.0, 1.0]",I am satisfied with my current commuting options.
Q1,commuter_profile,"Workers age 30 to 54, with high earnings, living in Brooklyn and working in Brooklyn.","Question: What is the commuter profile of this respondent?
A. Workers age 30 to 54, with high earnings, living in Brooklyn and working in Brooklyn.
B. N/A
C. N/A
D. N/A
E. N/A
Answer: A.

Answer the following question keeping in mind your previous answers.
Question: Traffic congestion is a major problem in NYC.
A. Strongly disagree
B. Disagree
C. Neutral
D. Agree
E. Strongly agree
Answer:","[' A', ' C', ' A', ' C', ' E', ' B', ' E', ' D', ' E', ' A', ' D', ' C', ' C', ' C', ' E', ' D', ' D', ' D', ' C', ' D', ' C', ' C', ' A', ' C', ' B', ' C', ' C', ' D', ' C', ' C', ' C', ' B', ' E', ' E', ' C', ' B', ' C', ' D', ' C', ' E', ' A', ' B', ' C', ' A', ' C', ' C', ' B', ' E', ' C', ' C', ' C', ' B', ' C', ' B', ' A', ' D', ' B', ' B', ' B', ' C', ' B', ' D', ' D', ' E', ' A', ' B', ' D', ' E', ' B', ' E', ' A', ' C', ' A', ' B', ' D', ' C', ' E', ' E', ' C', ' C', ' C', ' B', ' C', ' D', ' C', ' D', ' A', ' A', ' E', ' B', ' A', ' E', ' D', ' E', ' E', ' A', ' C', ' D', ' B', ' C']","[0.14591416506824806, 0.19788895466247747, 0.2726035490208525, 0.21564715672436474, 0.16794617452405725, 0.0]","[1.0, 1.0, 1.0, 1.0, 1.0]",Traffic congestion is a major problem in NYC.
Q2,commuter_profile,"Workers age 30 to 54, with high earnings, living in Brooklyn and working in Brooklyn.","Question: What is the commuter profile of this respondent?
A. Workers age 30 to 54, with high earnings, living in Brooklyn and working in Brooklyn.
B. N/A
C. N/A
D. N/A
E. N/A
Answer: A.

Answer the following question keeping in mind your previous answers.
Question: Public transit should be prioritized over road capacity expansion.
A. Strongly disagree
B. Disagree
C. Neutral
D. Agree
E. Strongly agree
Answer:","[' C', ' B', ' C', ' E', ' A', ' C', ' B', ' B', ' E', ' E', ' D', ' C', ' E', ' A', ' C', ' C', ' A', ' C', ' C', ' B', ' A', ' D', ' A', ' A', ' E', ' B', ' C', ' D', ' D', ' E', ' B', ' C', ' A', ' D', ' B', ' B', ' B', ' D', ' C', ' D', ' C', ' C', ' D', ' B', ' C', ' B', ' B', ' E', ' C', ' C', ' C', ' B', ' E', ' C', ' B', ' D', ' C', ' D', ' A', ' E', ' E', ' A', ' C', ' A', ' A', ' B', ' A', ' E', ' C', ' C', ' D', ' B', ' C', ' D', ' C', ' B', ' A', ' E', ' E', ' E', ' A', ' B', ' B', ' D', ' C', ' D', ' D', ' C', ' B', ' E', ' C', ' D', ' A', ' C', ' D', ' B', ' C', ' D', ' C', ' C']","[0.15729504999554625, 0.2149968422927418, 0.28482453984425793, 0.20515142007806056, 0.13773214778939358, 0.0]","[1.0, 1.0, 1.0, 1.0, 1.0]",Public transit should be prioritized over road capacity expansion.
Q4,commuter_profile,"Workers age 30 to 54, with high earnings, living in Brooklyn and working in Brooklyn.","Question: What is the commuter profile of this respondent?
A. Workers age 30 to 54, with high earnings, living in Brooklyn and working in Brooklyn.
B. N/A
C. N/A
D. N/A
E. N/A
Answer: A.

Answer the following question keeping in mind your previous answers.
Question: I am satisfied with my current commuting options.
A. Strongly disagree
B. Disagree
C. Neutral
D. Agree
E. Strongly agree
Answer:","[' B', ' E', ' E', ' A', ' E', ' D', ' D', ' A', ' D', ' C', ' D', ' C', ' D', ' D', ' C', ' D', ' E', ' E', ' E', ' A', ' C', ' E', ' B', ' A', ' D', ' C', ' E', ' B', ' A', ' C', ' D', ' D', ' A', ' C', ' A', ' C', ' D', ' C', ' C', ' B', ' C', ' E', ' C', ' B', ' D', ' E', ' A', ' C', ' C', ' C', ' C', ' D', ' E', ' B', ' B', ' B', ' C', ' B', ' C', ' C', ' C', ' C', ' C', ' C', ' D', ' C', ' A', ' E', ' C', ' C', ' A', ' C', ' D', ' A', ' C', ' A', ' C', ' B', ' D', ' E', ' C', ' C', ' D', ' D', ' A', ' C', ' D', ' E', ' B', ' E', ' B', ' C', ' D', ' D', ' B', ' D', ' C', ' B', ' E', ' A']","[0.13282697503182286, 0.20412546752112692, 0.30642862025736184, 0.20253695053022086, 0.15408198665946748, 0.0]","[1.0, 1.0, 1.0, 1.0, 1.0]",I am satisfied with my current commuting options.
Q1,commuter_profile,"Workers age 55 or older, with high earnings, living in NY_outside_NYC and working in Manhattan.","Question: What is the commuter profile of this respondent?
A. Workers age 55 or older, with high earnings, living in NY_outside_NYC and working in Manhattan.
B. N/A
C. N/A
D. N/A
E. N/A
Answer: A.

Answer the following question keeping in mind your previous answers.
Question: Traffic congestion is a major problem in NYC.
A. Strongly disagree
B. Disagree
C. Neutral
D. Agree
E. Strongly agree
Answer:","[' B', ' C', ' B', ' D', ' C', ' C', ' E', ' D', ' E', ' D', ' B', ' C', ' B', ' D', ' A', ' D', ' B', ' B', ' D', ' D', ' C', ' C', ' C', ' D', ' A', ' B', ' A', ' C', ' B', ' B', ' B', ' E', ' A', ' E', ' E', ' B', ' E', ' B', ' D', ' A', ' B', ' C', ' C', ' E', ' D', ' A', ' C', ' A', ' B', ' C', ' B', ' C', ' E', ' D', ' C', ' E', ' B', ' D', ' E', ' E', ' C', ' C', ' C', ' C', ' E', ' A', ' E', ' B', ' C', ' C', ' A', ' C', ' A', ' E', ' E', ' C', ' D', ' D', ' B', ' A', ' C', ' C', ' C', ' D', ' D', ' C', ' A', ' C', ' D', ' E', ' A', ' D', ' C', ' C', ' E', ' B', ' B', ' C', ' D', ' B']","[0.13517832931992105, 0.1847668693389543, 0.2773679224271616, 0.22638110054047486, 0.17630577837348826, 0.0]","[1.0, 1.0, 1.0, 1.0, 1.0]",Traffic congestion is a major problem in NYC.
Q2,commuter_profile,"Workers age 55 or older, with high earnings, living in NY_outside_NYC and working in Manhattan.","Question: What is the commuter profile of this respondent?
A. Workers age 55 or older, with high earnings, living in NY_outside_NYC and working in Manhattan.
B. N/A
C. N/A
D. N/A
E. N/A
Answer: A.

Answer the following question keeping in mind your previous answers.
Question: Public transit should be prioritized over road capacity expansion.
A. Strongly disagree
B. Disagree
C. Neutral
D. Agree
E. Strongly agree
Answer:","[' C', ' C', ' D', ' B', ' B', ' D', ' C', ' C', ' C', ' B', ' B', ' C', ' E', ' D', ' C', ' B', ' C', ' A', ' D', ' B', ' B', ' E', ' B', ' E', ' C', ' D', ' C', ' B', ' D', ' B', ' C', ' A', ' A', ' C', ' A', ' C', ' D', ' E', ' C', ' A', ' B', ' A', ' B', ' C', ' C', ' A', ' C', ' C', ' C', ' A', ' C', ' A', ' D', ' D', ' C', ' C', ' E', ' C', ' B', ' C', ' E', ' B', ' D', ' E', ' D', ' C', ' C', ' E', ' D', ' D', ' B', ' C', ' D', ' B', ' B', ' D', ' C', ' C', ' C', ' B', ' B', ' A', ' C', ' A', ' E', ' E', ' C', ' A', ' C', ' B', ' C', ' A', ' C', ' A', ' B', ' B', ' C', ' E', ' C', ' D']","[0.15183144456323835, 0.1980255352316149, 0.29727150188531576, 0.21245038700661806, 0.14042113131321296, 0.0]","[1.0, 1.0, 1.0, 1.0, 1.0]",Public transit should be prioritized over road capacity expansion.
Q4,commuter_profile,"Workers age 55 or older, with high earnings, living in NY_outside_NYC and working in Manhattan.","Question: What is the commuter profile of this respondent?
A. Workers age 55 or older, with high earnings, living in NY_outside_NYC and working in Manhattan.
B. N/A
C. N/A
D. N/A
E. N/A
Answer: A.

Answer the following question keeping in mind your previous answers.
Question: I am satisfied with my current commuting options.
A. Strongly disagree
B. Disagree
C. Neutral
D. Agree
E. Strongly agree
Answer:","[' E', ' B', ' E', ' B', ' C', ' E', ' C', ' C', ' B', ' E', ' E', ' B', ' A', ' C', ' C', ' D', ' C', ' C', ' B', ' B', ' A', ' C', ' C', ' C', ' E', ' B', ' C', ' C', ' E', ' B', ' B', ' C', ' D', ' B', ' B', ' D', ' C', ' C', ' A', ' B', ' A', ' C', ' E', ' E', ' E', ' C', ' C', ' E', ' C', ' C', ' D', ' C', ' C', ' C', ' D', ' C', ' A', ' A', ' D', ' A', ' D', ' B', ' C', ' C', ' D', ' A', ' C', ' D', ' B', ' E', ' E', ' E', ' E', ' E', ' C', ' E', ' C', ' A', ' E', ' E', ' B', ' C', ' B', ' D', ' B', ' D', ' A', ' C', ' D', ' C', ' B', ' A', ' D', ' A', ' B', ' C', ' B', ' A', ' D', ' D']","[0.13445852280640086, 0.18235279975165075, 0.3030069585815249, 0.211532948423457, 0.16864877043696644, 0.0]","[1.0, 1.0, 1.0, 1.0, 1.0]",I am satisfied with my current commuting options.
Q1,commuter_profile,"Workers age 29 or younger, with high earnings, living in Brooklyn and working in Manhattan.","Question: What is the commuter profile of this respondent?
A. Workers age 29 or younger, with high earnings, living in Brooklyn and working in Manhattan.
B. N/A
C. N/A
D. N/A
E. N/A
Answer: A.

Answer the following question keeping in mind your previous answers.
Question: Traffic congestion is a major problem in NYC.
A. Strongly disagree
B. Disagree
C. Neutral
D. Agree
E. Strongly agree
Answer:","[' C', ' B', ' E', ' C', ' A', ' D', ' A', ' B', ' A', ' D', ' E', ' D', ' B', ' E', ' E', ' B', ' B', ' D', ' E', ' E', ' E', ' D', ' B', ' D', ' C', ' D', ' C', ' B', ' E', ' A', ' B', ' B', ' E', ' A', ' C', ' E', ' D', ' E', ' C', ' C', ' C', ' C', ' B', ' A', ' E', ' D', ' D', ' C', ' B', ' B', ' E', ' E', ' C', ' D', ' E', ' A', ' C', ' C', ' B', ' C', ' B', ' A', ' E', ' C', ' D', ' A', ' B', ' C', ' A', ' C', ' B', ' C', ' B', ' D', ' C', ' B', ' C', ' C', ' B', ' D', ' C', ' A', ' C', ' C', ' A', ' E', ' D', ' E', ' C', ' C', ' B', ' D', ' C', ' B', ' E', ' C', ' A', ' E', ' C', ' E']","[0.1554379790141084, 0.1964920167532506, 0.24453826586493277, 0.21749683599512726, 0.1860349023725809, 0.0]","[1.0, 1.0, 1.0, 1.0, 1.0]",Traffic congestion is a major problem in NYC.
Q2,commuter_profile,"Workers age 29 or younger, with high earnings, living in Brooklyn and working in Manhattan.","Question: What is the commuter profile of this respondent?
A. Workers age 29 or younger, with high earnings, living in Brooklyn and working in Manhattan.
B. N/A
C. N/A
D. N/A
E. N/A
Answer: A.

Answer the following question keeping in mind your previous answers.
Question: Public transit should be prioritized over road capacity expansion.
A. Strongly disagree
B. Disagree
C. Neutral
D. Agree
E. Strongly agree
Answer:","[' C', ' C', ' C', ' E', ' A', ' E', ' D', ' D', ' D', ' B', ' D', ' D', ' A', ' E', ' C', ' D', ' A', ' D', ' A', ' A', ' A', ' A', ' C', ' B', ' B', ' D', ' D', ' C', ' B', ' D', ' C', ' B', ' B', ' B', ' C', ' B', ' A', ' C', ' B', ' A', ' B', ' D', ' D', ' A', ' D', ' B', ' E', ' E', ' B', ' D', ' C', ' B', ' E', ' D', ' E', ' A', ' B', ' E', ' B', ' C', ' B', ' D', ' B', ' A', ' A', ' E', ' A', ' B', ' B', ' C', ' D', ' E', ' C', ' D', ' B', ' C', ' A', ' D', ' C', ' D', ' D', ' D', ' E', ' D', ' A', ' B', ' C', ' A', ' C', ' C', ' A', ' C', ' D', ' E', ' D', ' C', ' B', ' E', ' D', ' D']","[0.16424912370251527, 0.2076303472996907, 0.26246935233499813, 0.21255415909181313, 0.15309701757098287, 0.0]","[1.0, 1.0, 1.0, 1.0, 1.0]",Public transit should be prioritized over road capacity expansion.
Q4,commuter_profile,"Workers age 29 or younger, with high earnings, living in Brooklyn and working in Manhattan.","Question: What is the commuter profile of this respondent?
A. Workers age 29 or younger, with high earnings, living in Brooklyn and working in Manhattan.
B. N/A
C. N/A
D. N/A
E. N/A
Answer: A.

Answer the following question keeping in mind your previous answers.
Question: I am satisfied with my current commuting options.
A. Strongly disagree
B. Disagree
C. Neutral
D. Agree
E. Strongly agree
Answer:","[' C', ' B', ' E', ' C', ' C', ' C', ' B', ' D', ' E', ' A', ' C', ' B', ' D', ' C', ' A', ' A', ' C', ' E', ' D', ' D', ' A', ' C', ' C', ' C', ' B', ' E', ' D', ' C', ' C', ' D', ' D', ' D', ' B', ' E', ' D', ' B', ' B', ' C', ' B', ' E', ' A', ' D', ' B', ' D', ' C', ' A', ' E', ' C', ' E', ' B', ' B', ' C', ' B', ' C', ' D', ' D', ' A', ' D', ' B', ' C', ' E', ' E', ' A', ' A', ' D', ' C', ' D', ' D', ' E', ' E', ' E', ' E', ' C', ' C', ' B', ' E', ' C', ' C', ' B', ' B', ' C', ' D', ' B', ' B', ' C', ' E', ' C', ' E', ' B', ' D', ' C', ' A', ' B', ' D', ' D', ' A', ' D', ' E', ' B', ' D']","[0.1444090357538451, 0.20206456983539203, 0.28495671711793435, 0.20364938189859014, 0.16492029539423841, 0.0]","[1.0, 1.0, 1.0, 1.0, 1.0]",I am satisfied with my current commuting options.
Q1,commuter_profile,"Workers age 30 to 54, with mid earnings, living in Brooklyn and working in Brooklyn.","Question: What is the commuter profile of this respondent?
A. Workers age 30 to 54, with mid earnings, living in Brooklyn and working in Brooklyn.
B. N/A
C. N/A
D. N/A
E. N/A
Answer: A.

Answer the following question keeping in mind your previous answers.
Question: Traffic congestion is a major problem in NYC.
A. Strongly disagree
B. Disagree
C. Neutral
D. Agree
E. Strongly agree
Answer:","[' A', ' C', ' B', ' C', ' B', ' E', ' C', ' D', ' E', ' C', ' C', ' A', ' D', ' A', ' C', ' B', ' D', ' C', ' C', ' C', ' D', ' E', ' C', ' E', ' D', ' D', ' E', ' B', ' B', ' C', ' B', ' B', ' B', ' E', ' E', ' E', ' D', ' C', ' B', ' C', ' A', ' A', ' C', ' C', ' D', ' C', ' A', ' E', ' C', ' C', ' C', ' C', ' E', ' E', ' B', ' E', ' D', ' D', ' B', ' E', ' C', ' C', ' A', ' C', ' B', ' B', ' E', ' C', ' D', ' C', ' A', ' C', ' B', ' B', ' D', ' D', ' B', ' D', ' C', ' A', ' A', ' D', ' E', ' D', ' C', ' A', ' D', ' A', ' D', ' A', ' E', ' C', ' B', ' A', ' B', ' D', ' B', ' A', ' D', ' B']","[0.13817922283587966, 0.20262643432685856, 0.2835253561233326, 0.2190914141114759, 0.15657757260245334, 0.0]","[1.0, 1.0, 1.0, 1.0, 1.0]",Traffic congestion is a major problem in NYC.
Q2,commuter_profile,"Workers age 30 to 54, with mid earnings, living in Brooklyn and working in Brooklyn.","Question: What is the commuter profile of this respondent?
A. Workers age 30 to 54, with mid earnings, living in Brooklyn and working in Brooklyn.
B. N/A
C. N/A
D. N/A
E. N/A
Answer: A.

Answer the following question keeping in mind your previous answers.
Question: Public transit should be prioritized over road capacity expansion.
A. Strongly disagree
B. Disagree
C. Neutral
D. Agree
E. Strongly agree
Answer:","[' A', ' D', ' E', ' C', ' E', ' C', ' C', ' E', ' B', ' A', ' B', ' A', ' C', ' A', ' A', ' B', ' C', ' E', ' A', ' C', ' E', ' D', ' B', ' A', ' C', ' A', ' E', ' D', ' D', ' C', ' E', ' C', ' A', ' B', ' C', ' D', ' A', ' D', ' B', ' A', ' C', ' E', ' C', ' D', ' C', ' C', ' A', ' E', ' C', ' A', ' B', ' C', ' D', ' E', ' C', ' C', ' D', ' A', ' E', ' C', ' E', ' E', ' D', ' A', ' C', ' C', ' B', ' C', ' B', ' C', ' D', ' D', ' D', ' D', ' B', ' C', ' D', ' A', ' D', ' C', ' A', ' B', ' D', ' D', ' C', ' E', ' C', ' A', ' C', ' C', ' D', ' C', ' D', ' A', ' D', ' B', ' A', ' D', ' D', ' E']","[0.15292022127945473, 0.21734345752004086, 0.29476144136693355, 0.20417528311137217, 0.1307995967221987, 0.0]","[1.0, 1.0, 1.0, 1.0, 1.0]",Public transit should be prioritized over road capacity expansion.
Q4,commuter_profile,"Workers age 30 to 54, with mid earnings, living in Brooklyn and working in Brooklyn.","Question: What is the commuter profile of this respondent?
A. Workers age 30 to 54, with mid earnings, living in Brooklyn and working in Brooklyn.
B. N/A
C. N/A
D. N/A
E. N/A
Answer: A.

Answer the following question keeping in mind your previous answers.
Question: I am satisfied with my current commuting options.
A. Strongly disagree
B. Disagree
C. Neutral
D. Agree
E. Strongly agree
Answer:","[' D', ' E', ' D', ' E', ' A', ' C', ' C', ' B', ' E', ' B', ' E', ' C', ' C', ' D', ' D', ' A', ' D', ' A', ' C', ' A', ' C', ' B', ' B', ' C', ' C', ' C', ' C', ' D', ' E', ' E', ' C', ' C', ' C', ' C', ' D', ' A', ' E', ' C', ' D', ' D', ' A', ' C', ' C', ' A', ' D', ' C', ' D', ' A', ' E', ' C', ' D', ' D', ' A', ' D', ' D', ' D', ' D', ' B', ' C', ' E', ' B', ' C', ' C', ' C', ' D', ' C', ' C', ' D', ' A', ' C', ' A', ' E', ' C', ' B', ' D', ' B', ' C', ' E', ' D', ' D', ' A', ' B', ' D', ' E', ' C', ' B', ' C', ' C', ' C', ' D', ' E', ' A', ' B', ' C', ' A', ' D', ' B', ' D', ' B', ' D']","[0.13017140243550993, 0.20801330880563762, 0.3122649612835932, 0.2031946856971, 0.14635564177815918, 0.0]","[1.0, 1.0, 1.0, 1.0, 1.0]",I am satisfied with my current commuting options.
Q1,commuter_profile,"Workers age 55 or older, with high earnings, living in Manhattan and working in Manhattan.","Question: What is the commuter profile of this respondent?
A. Workers age 55 or older, with high earnings, living in Manhattan and working in Manhattan.
B. N/A
C. N/A
D. N/A
E. N/A
Answer: A.

Answer the following question keeping in mind your previous answers.
Question: Traffic congestion is a major problem in NYC.
A. Strongly disagree
B. Disagree
C. Neutral
D. Agree
E. Strongly agree
Answer:","[' D', ' A', ' B', ' D', ' B', ' E', ' D', ' E', ' C', ' E', ' C', ' E', ' B', ' C', ' C', ' C', ' C', ' C', ' A', ' A', ' B', ' D', ' D', ' D', ' D', ' D', ' A', ' C', ' D', ' A', ' E', ' D', ' C', ' A', ' A', ' A', ' B', ' B', ' A', ' C', ' D', ' D', ' D', ' E', ' C', ' A', ' A', ' A', ' C', ' D', ' E', ' B', ' C', ' D', ' C', ' B', ' B', ' D', ' E', ' B', ' B', ' C', ' C', ' D', ' A', ' C', ' D', ' C', ' A', ' D', ' D', ' A', ' D', ' C', ' B', ' E', ' E', ' E', ' C', ' E', ' D', ' C', ' A', ' A', ' C', ' A', ' D', ' C', ' B', ' D', ' C', ' C', ' A', ' E', ' E', ' D', ' E', ' A', ' D', ' E']","[0.1508325503526358, 0.184803903796823, 0.262659307437184, 0.22118131243711867, 0.18052292597623845, 0.0]","[1.0, 1.0, 1.0, 1.0, 1.0]",Traffic congestion is a major problem in NYC.
Q2,commuter_profile,"Workers age 55 or older, with high earnings, living in Manhattan and working in Manhattan.","Question: What is the commuter profile of this respondent?
A. Workers age 55 or older, with high earnings, living in Manhattan and working in Manhattan.
B. N/A
C. N/A
D. N/A
E. N/A
Answer: A.

Answer the following question keeping in mind your previous answers.
Question: Public transit should be prioritized over road capacity expansion.
A. Strongly disagree
B. Disagree
C. Neutral
D. Agree
E. Strongly agree
Answer:","[' E', ' B', ' C', ' A', ' E', ' A', ' D', ' C', ' D', ' C', ' C', ' C', ' A', ' B', ' B', ' D', ' C', ' A', ' A', ' B', ' E', ' A', ' C', ' D', ' A', ' D', ' E', ' D', ' A', ' E', ' B', ' D', ' D', ' C', ' D', ' D', ' D', ' B', ' E', ' C', ' B', ' A', ' D', ' E', ' E', ' C', ' D', ' C', ' A', ' E', ' D', ' C', ' E', ' A', ' A', ' B', ' E', ' B', ' A', ' B', ' A', ' E', ' E', ' A', ' D', ' B', ' D', ' B', ' D', ' A', ' C', ' C', ' A', ' E', ' C', ' D', ' B', ' B', ' E', ' C', ' E', ' D', ' E', ' B', ' C', ' E', ' A', ' C', ' A', ' B', ' C', ' B', ' A', ' A', ' D', ' E', ' C', ' B', ' D', ' A']","[0.16821648805396222, 0.2093488018409511, 0.2817096045371649, 0.20449924206957107, 0.13622586349835067, 0.0]","[1.0, 1.0, 1.0, 1.0, 1.0]",Public transit should be prioritized over road capacity expansion.
Q4,commuter_profile,"Workers age 55 or older, with high earnings, living in Manhattan and working in Manhattan.","Question: What is the commuter profile of this respondent?
A. Workers age 55 or older, with high earnings, living in Manhattan and working in Manhattan.
B. N/A
C. N/A
D. N/A
E. N/A
Answer: A.

Answer the following question keeping in mind your previous answers.
Question: I am satisfied with my current commuting options.
A. Strongly disagree
B. Disagree
C. Neutral
D. Agree
E. Strongly agree
Answer:","[' B', ' C', ' A', ' E', ' D', ' E', ' B', ' B', ' A', ' B', ' A', ' D', ' C', ' D', ' D', ' C', ' B', ' C', ' A', ' D', ' B', ' B', ' E', ' C', ' E', ' E', ' D', ' B', ' B', ' B', ' D', ' C', ' B', ' A', ' C', ' C', ' A', ' B', ' B', ' C', ' C', ' C', ' E', ' B', ' A', ' B', ' B', ' C', ' C', ' B', ' A', ' D', ' C', ' C', ' D', ' E', ' A', ' B', ' C', ' D', ' C', ' C', ' B', ' B', ' E', ' E', ' C', ' C', ' A', ' C', ' B', ' C', ' B', ' C', ' E', ' B', ' C', ' B', ' C', ' E', ' C', ' E', ' C', ' C', ' D', ' C', ' D', ' B', ' A', ' C', ' A', ' B', ' C', ' D', ' E', ' D', ' C', ' C', ' C', ' B']","[0.14010340276021968, 0.19300058908025375, 0.298925160021733, 0.20544805764381283, 0.16252279049398083, 0.0]","[1.0, 1.0, 1.0, 1.0, 1.0]",I am satisfied with my current commuting options.
Q1,commuter_profile,"Workers age 30 to 54, with high earnings, living in Bronx and working in Manhattan.","Question: What is the commuter profile of this respondent?
A. Workers age 30 to 54, with high earnings, living in Bronx and working in Manhattan.
B. N/A
C. N/A
D. N/A
E. N/A
Answer: A.

Answer the following question keeping in mind your previous answers.
Question: Traffic congestion is a major problem in NYC.
A. Strongly disagree
B. Disagree
C. Neutral
D. Agree
E. Strongly agree
Answer:","[' A', ' C', ' E', ' B', ' C', ' C', ' D', ' D', ' C', ' E', ' D', ' B', ' C', ' D', ' D', ' B', ' D', ' C', ' D', ' A', ' B', ' A', ' C', ' B', ' B', ' B', ' E', ' D', ' C', ' C', ' B', ' E', ' E', ' C', ' B', ' E', ' B', ' A', ' C', ' C', ' E', ' B', ' A', ' C', ' A', ' D', ' C', ' E', ' E', ' B', ' D', ' C', ' E', ' A', ' C', ' E', ' A', ' B', ' B', ' C', ' E', ' B', ' D', ' B', ' E', ' B', ' A', ' E', ' A', ' D', ' B', ' C', ' B', ' D', ' D', ' D', ' A', ' E', ' B', ' C', ' D', ' D', ' C', ' C', ' B', ' E', ' C', ' D', ' E', ' D', ' B', ' C', ' B', ' B', ' E', ' D', ' B', ' C', ' C', ' D']","[0.14274859379928753, 0.2044779197343954, 0.2646140892703106, 0.21597172529299746, 0.17218767190300888, 0.0]","[1.0, 1.0, 1.0, 1.0, 1.0]",Traffic congestion is a major problem in NYC.
Q2,commuter_profile,"Workers age 30 to 54, with high earnings, living in Bronx and working in Manhattan.","Question: What is the commuter profile of this respondent?
A. Workers age 30 to 54, with high earnings, living in Bronx and working in Manhattan.
B. N/A
C. N/A
D. N/A
E. N/A
Answer: A.

Answer the following question keeping in mind your previous answers.
Question: Public transit should be prioritized over road capacity expansion.
A. Strongly disagree
B. Disagree
C. Neutral
D. Agree
E. Strongly agree
Answer:","[' B', ' C', ' C', ' C', ' C', ' C', ' C', ' B', ' A', ' B', ' D', ' A', ' B', ' C', ' C', ' C', ' D', ' E', ' C', ' B', ' E', ' D', ' C', ' D', ' E', ' E', ' B', ' B', ' D', ' B', ' B', ' A', ' D', ' B', ' B', ' C', ' A', ' D', ' A', ' E', ' A', ' A', ' C', ' D', ' C', ' D', ' B', ' D', ' B', ' C', ' D', ' C', ' A', ' D', ' A', ' C', ' B', ' C', ' A', ' E', ' D', ' C', ' B', ' C', ' B', ' C', ' C', ' D', ' A', ' E', ' E', ' C', ' C', ' A', ' B', ' A', ' A', ' D', ' B', ' D', ' D', ' C', ' D', ' C', ' C', ' C', ' C', ' A', ' E', ' B', ' A', ' B', ' D', ' E', ' E', ' A', ' B', ' D', ' A', ' C']","[0.15997751314179487, 0.22560445403522916, 0.27641635523755953, 0.2022305255882655, 0.13577115199715095, 0.0]","[1.0, 1.0, 1.0, 1.0, 1.0]",Public transit should be prioritized over road capacity expansion.
Q4,commuter_profile,"Workers age 30 to 54, with high earnings, living in Bronx and working in Manhattan.","Question: What is the commuter profile of this respondent?
A. Workers age 30 to 54, with high earnings, living in Bronx and working in Manhattan.
B. N/A
C. N/A
D. N/A
E. N/A
Answer: A.

Answer the following question keeping in mind your previous answers.
Question: I am satisfied with my current commuting options.
A. Strongly disagree
B. Disagree
C. Neutral
D. Agree
E. Strongly agree
Answer:","[' E', ' C', ' A', ' A', ' B', ' E', ' E', ' C', ' C', ' C', ' E', ' C', ' B', ' C', ' A', ' C', ' A', ' D', ' C', ' E', ' C', ' B', ' E', ' E', ' A', ' E', ' E', ' E', ' C', ' D', ' D', ' B', ' A', ' D', ' E', ' A', ' D', ' C', ' C', ' D', ' C', ' D', ' C', ' C', ' C', ' B', ' E', ' A', ' D', ' A', ' B', ' E', ' D', ' B', ' D', ' B', ' D', ' B', ' C', ' A', ' C', ' B', ' C', ' C', ' D', ' B', ' D', ' A', ' E', ' A', ' C', ' A', ' D', ' B', ' B', ' D', ' D', ' C', ' C', ' D', ' E', ' B', ' A', ' E', ' D', ' D', ' E', ' B', ' D', ' C', ' E', ' D', ' C', ' E', ' D', ' C', ' D', ' B', ' C', ' C']","[0.13273329593297517, 0.21045657160898024, 0.2967913365041911, 0.2023941069624555, 0.157624688991398, 0.0]","[1.0, 1.0, 1.0, 1.0, 1.0]",I am satisfied with my current commuting options.
Q1,commuter_profile,"Workers age 30 to 54, with high earnings, living in Queens and working in Queens.","Question: What is the commuter profile of this respondent?
A. Workers age 30 to 54, with high earnings, living in Queens and working in Queens.
B. N/A
C. N/A
D. N/A
E. N/A
Answer: A.

Answer the following question keeping in mind your previous answers.
Question: Traffic congestion is a major problem in NYC.
A. Strongly disagree
B. Disagree
C. Neutral
D. Agree
E. Strongly agree
Answer:","[' C', ' C', ' A', ' D', ' D', ' D', ' C', ' D', ' E', ' D', ' C', ' E', ' B', ' A', ' B', ' C', ' E', ' C', ' D', ' B', ' A', ' E', ' C', ' C', ' D', ' A', ' E', ' B', ' E', ' B', ' C', ' B', ' D', ' A', ' A', ' B', ' A', ' D', ' A', ' B', ' C', ' A', ' E', ' B', ' C', ' B', ' B', ' D', ' D', ' D', ' E', ' E', ' C', ' A', ' B', ' E', ' E', ' C', ' A', ' B', ' D', ' B', ' B', ' C', ' D', ' D', ' C', ' C', ' C', ' C', ' E', ' A', ' C', ' B', ' C', ' E', ' D', ' D', ' C', ' C', ' D', ' C', ' E', ' A', ' C', ' E', ' C', ' D', ' C', ' E', ' B', ' C', ' D', ' E', ' C', ' D', ' D', ' D', ' E', ' C']","[0.144528073958407, 0.19909583110087836, 0.2721317358782105, 0.21527392180838006, 0.16897043725412403, 0.0]","[1.0, 1.0, 1.0, 1.0, 1.0]",Traffic congestion is a major problem in NYC.
Q2,commuter_profile,"Workers age 30 to 54, with high earnings, living in Queens and working in Queens.","Question: What is the commuter profile of this respondent?
A. Workers age 30 to 54, with high earnings, living in Queens and working in Queens.
B. N/A
C. N/A
D. N/A
E. N/A
Answer: A.

Answer the following question keeping in mind your previous answers.
Question: Public transit should be prioritized over road capacity expansion.
A. Strongly disagree
B. Disagree
C. Neutral
D. Agree
E. Strongly agree
Answer:","[' B', ' E', ' B', ' B', ' C', ' B', ' B', ' D', ' C', ' A', ' D', ' B', ' D', ' A', ' C', ' C', ' C', ' E', ' D', ' B', ' C', ' A', ' C', ' C', ' A', ' C', ' D', ' A', ' D', ' D', ' A', ' D', ' A', ' A', ' D', ' E', ' C', ' E', ' C', ' E', ' C', ' C', ' E', ' C', ' C', ' E', ' D', ' D', ' B', ' E', ' C', ' B', ' C', ' C', ' A', ' A', ' C', ' C', ' A', ' C', ' B', ' D', ' D', ' A', ' C', ' A', ' A', ' B', ' E', ' D', ' C', ' B', ' D', ' A', ' C', ' A', ' A', ' E', ' B', ' A', ' C', ' E', ' C', ' A', ' C', ' E', ' C', ' C', ' C', ' E', ' D', ' B', ' C', ' C', ' B', ' A', ' B', ' B', ' B', ' D']","[0.1604979238776296, 0.21937465183556792, 0.2883625397730733, 0.19974289352042213, 0.13202199099330697, 0.0]","[1.0, 1.0, 1.0, 1.0, 1.0]",Public transit should be prioritized over road capacity expansion.
Q4,commuter_profile,"Workers age 30 to 54, with high earnings, living in Queens and working in Queens.","Question: What is the commuter profile of this respondent?
A. Workers age 30 to 54, with high earnings, living in Queens and working in Queens.
B. N/A
C. N/A
D. N/A
E. N/A
Answer: A.

Answer the following question keeping in mind your previous answers.
Question: I am satisfied with my current commuting options.
A. Strongly disagree
B. Disagree
C. Neutral
D. Agree
E. Strongly agree
Answer:","[' D', ' B', ' B', ' D', ' A', ' C', ' C', ' C', ' B', ' C', ' C', ' E', ' A', ' E', ' B', ' D', ' C', ' D', ' B', ' B', ' A', ' D', ' C', ' B', ' B', ' A', ' B', ' C', ' C', ' D', ' A', ' D', ' E', ' D', ' D', ' E', ' A', ' C', ' A', ' D', ' C', ' A', ' C', ' D', ' C', ' A', ' E', ' A', ' D', ' E', ' D', ' E', ' C', ' B', ' C', ' D', ' D', ' C', ' E', ' A', ' C', ' A', ' C', ' E', ' A', ' E', ' E', ' D', ' A', ' C', ' D', ' A', ' B', ' A', ' D', ' E', ' E', ' D', ' C', ' A', ' C', ' D', ' D', ' A', ' A', ' A', ' E', ' A', ' C', ' C', ' E', ' B', ' B', ' D', ' A', ' B', ' A', ' E', ' B', ' C']","[0.13124481715882136, 0.20487026238479808, 0.3075466897722591, 0.20169404336619684, 0.15464418731792448, 0.0]","[1.0, 1.0, 1.0, 1.0, 1.0]",I am satisfied with my current commuting options.
Q1,commuter_profile,"Workers age 29 or younger, with high earnings, living in NY_outside_NYC and working in Manhattan.","Question: What is the commuter profile of this respondent?
A. Workers age 29 or younger, with high earnings, living in NY_outside_NYC and working in Manhattan.
B. N/A
C. N/A
D. N/A
E. N/A
Answer: A.

Answer the following question keeping in mind your previous answers.
Question: Traffic congestion is a major problem in NYC.
A. Strongly disagree
B. Disagree
C. Neutral
D. Agree
E. Strongly agree
Answer:","[' D', ' A', ' E', ' D', ' B', ' C', ' A', ' B', ' D', ' D', ' B', ' D', ' C', ' C', ' E', ' B', ' B', ' C', ' E', ' C', ' E', ' B', ' D', ' E', ' C', ' B', ' A', ' B', ' B', ' C', ' E', ' B', ' E', ' B', ' C', ' D', ' E', ' E', ' E', ' A', ' E', ' A', ' C', ' C', ' C', ' A', ' C', ' D', ' D', ' A', ' D', ' B', ' C', ' B', ' D', ' C', ' E', ' A', ' C', ' E', ' A', ' A', ' D', ' E', ' A', ' B', ' D', ' C', ' E', ' A', ' A', ' B', ' C', ' B', ' C', ' A', ' C', ' B', ' B', ' B', ' B', ' B', ' E', ' D', ' E', ' C', ' A', ' D', ' D', ' E', ' A', ' A', ' D', ' B', ' A', ' A', ' D', ' C', ' E', ' D']","[0.14036866128512257, 0.1918612119962789, 0.26637291323651835, 0.2225628995932289, 0.1788343138888513, 0.0]","[1.0, 1.0, 1.0, 1.0, 1.0]",Traffic congestion is a major problem in NYC.
Q2,commuter_profile,"Workers age 29 or younger, with high earnings, living in NY_outside_NYC and working in Manhattan.","Question: What is the commuter profile of this respondent?
A. Workers age 29 or younger, with high earnings, living in NY_outside_NYC and working in Manhattan.
B. N/A
C. N/A
D. N/A
E. N/A
Answer: A.

Answer the following question keeping in mind your previous answers.
Question: Public transit should be prioritized over road capacity expansion.
A. Strongly disagree
B. Disagree
C. Neutral
D. Agree
E. Strongly agree
Answer:","[' A', ' B', ' B', ' B', ' D', ' B', ' B', ' B', ' E', ' C', ' B', ' C', ' D', ' C', ' D', ' C', ' B', ' E', ' A', ' E', ' B', ' D', ' C', ' A', ' A', ' A', ' A', ' B', ' B', ' B', ' D', ' C', ' B', ' A', ' D', ' C', ' E', ' A', ' B', ' E', ' B', ' E', ' E', ' C', ' D', ' B', ' D', ' C', ' C', ' A', ' D', ' C', ' C', ' E', ' E', ' D', ' A', ' E', ' A', ' D', ' D', ' C', ' C', ' B', ' C', ' B', ' D', ' C', ' D', ' D', ' C', ' C', ' A', ' C', ' C', ' C', ' E', ' B', ' C', ' C', ' B', ' D', ' B', ' B', ' D', ' B', ' E', ' B', ' B', ' A', ' C', ' C', ' D', ' E', ' A', ' C', ' D', ' B', ' E', ' C']","[0.15375825202618443, 0.19742950362710024, 0.28060390297476306, 0.2168338900919942, 0.1513744512799582, 0.0]","[1.0, 1.0, 1.0, 1.0, 1.0]",Public transit should be prioritized over road capacity expansion.
Q4,commuter_profile,"Workers age 29 or younger, with high earnings, living in NY_outside_NYC and working in Manhattan.","Question: What is the commuter profile of this respondent?
A. Workers age 29 or younger, with high earnings, living in NY_outside_NYC and working in Manhattan.
B. N/A
C. N/A
D. N/A
E. N/A
Answer: A.

Answer the following question keeping in mind your previous answers.
Question: I am satisfied with my current commuting options.
A. Strongly disagree
B. Disagree
C. Neutral
D. Agree
E. Strongly agree
Answer:","[' B', ' C', ' D', ' E', ' C', ' C', ' C', ' C', ' E', ' E', ' E', ' E', ' A', ' B', ' E', ' C', ' B', ' C', ' E', ' B', ' C', ' B', ' E', ' B', ' B', ' A', ' A', ' A', ' A', ' C', ' B', ' C', ' C', ' B', ' D', ' B', ' C', ' C', ' D', ' C', ' B', ' E', ' D', ' C', ' D', ' C', ' A', ' B', ' D', ' A', ' A', ' B', ' C', ' A', ' E', ' E', ' D', ' E', ' E', ' E', ' C', ' B', ' C', ' D', ' E', ' D', ' A', ' B', ' C', ' B', ' C', ' D', ' C', ' D', ' E', ' C', ' C', ' E', ' C', ' D', ' D', ' C', ' B', ' C', ' B', ' C', ' A', ' E', ' E', ' A', ' B', ' B', ' B', ' B', ' C', ' C', ' B', ' A', ' D', ' B']","[0.1416495751499266, 0.1891269962001259, 0.2906460567288226, 0.20771536955765293, 0.1708620023634719, 0.0]","[1.0, 1.0, 1.0, 1.0, 1.0]",I am satisfied with my current commuting options.
Q1,commuter_profile,"Workers age 55 or older, with high earnings, living in Brooklyn and working in Manhattan.","Question: What is the commuter profile of this respondent?
A. Workers age 55 or older, with high earnings, living in Brooklyn and working in Manhattan.
B. N/A
C. N/A
D. N/A
E. N/A
Answer: A.

Answer the following question keeping in mind your previous answers.
Question: Traffic congestion is a major problem in NYC.
A. Strongly disagree
B. Disagree
C. Neutral
D. Agree
E. Strongly agree
Answer:","[' C', ' C', ' C', ' C', ' E', ' B', ' C', ' D', ' D', ' E', ' B', ' C', ' B', ' A', ' A', ' C', ' B', ' C', ' E', ' E', ' D', ' B', ' C', ' E', ' B', ' E', ' B', ' C', ' C', ' E', ' D', ' E', ' C', ' C', ' E', ' C', ' D', ' A', ' A', ' C', ' B', ' B', ' D', ' E', ' B', ' A', ' B', ' B', ' D', ' C', ' E', ' A', ' C', ' A', ' E', ' C', ' B', ' C', ' E', ' A', ' B', ' E', ' C', ' A', ' E', ' E', ' C', ' B', ' A', ' D', ' D', ' D', ' D', ' C', ' B', ' C', ' D', ' C', ' C', ' C', ' D', ' E', ' B', ' E', ' D', ' C', ' B', ' D', ' C', ' C', ' E', ' E', ' D', ' C', ' B', ' A', ' D', ' B', ' D', ' B']","[0.1479389162693936, 0.18847906894800107, 0.26788277032672875, 0.21863954501920269, 0.17705969943667393, 0.0]","[1.0, 1.0, 1.0, 1.0, 1.0]",Traffic congestion is a major problem in NYC.
Q2,commuter_profile,"Workers age 55 or older, with high earnings, living in Brooklyn and working in Manhattan.","Question: What is the commuter profile of this respondent?
A. Workers age 55 or older, with high earnings, living in Brooklyn and working in Manhattan.
B. N/A
C. N/A
D. N/A
E. N/A
Answer: A.

Answer the following question keeping in mind your previous answers.
Question: Public transit should be prioritized over road capacity expansion.
A. Strongly disagree
B. Disagree
C. Neutral
D. Agree
E. Strongly agree
Answer:","[' A', ' C', ' C', ' E', ' D', ' D', ' D', ' A', ' E', ' C', ' C', ' A', ' B', ' D', ' A', ' A', ' B', ' B', ' C', ' C', ' B', ' A', ' B', ' B', ' C', ' C', ' D', ' C', ' C', ' C', ' E', ' D', ' A', ' B', ' E', ' E', ' B', ' B', ' A', ' A', ' A', ' E', ' E', ' B', ' A', ' E', ' C', ' E', ' B', ' D', ' D', ' D', ' D', ' D', ' C', ' E', ' A', ' C', ' B', ' C', ' D', ' A', ' C', ' C', ' C', ' C', ' D', ' C', ' C', ' B', ' E', ' D', ' D', ' A', ' C', ' D', ' B', ' C', ' C', ' A', ' D', ' E', ' B', ' B', ' B', ' D', ' B', ' D', ' E', ' A', ' D', ' D', ' C', ' C', ' B', ' A', ' E', ' B', ' E', ' D']","[0.16185081747666594, 0.20945052023159394, 0.2840570309452538, 0.20620329089693346, 0.13843834044955272, 0.0]","[1.0, 1.0, 1.0, 1.0, 1.0]",Public transit should be prioritized over road capacity expansion.
Q4,commuter_profile,"Workers age 55 or older, with high earnings, living in Brooklyn and working in Manhattan.","Question: What is the commuter profile of this respondent?
A. Workers age 55 or older, with high earnings, living in Brooklyn and working in Manhattan.
B. N/A
C. N/A
D. N/A
E. N/A
Answer: A.

Answer the following question keeping in mind your previous answers.
Question: I am satisfied with my current commuting options.
A. Strongly disagree
B. Disagree
C. Neutral
D. Agree
E. Strongly agree
Answer:","[' C', ' E', ' A', ' C', ' A', ' D', ' B', ' B', ' D', ' A', ' B', ' B', ' D', ' C', ' C', ' E', ' B', ' C', ' B', ' D', ' A', ' D', ' C', ' C', ' B', ' E', ' B', ' C', ' E', ' C', ' B', ' B', ' E', ' D', ' C', ' C', ' E', ' A', ' C', ' D', ' D', ' C', ' D', ' C', ' C', ' C', ' E', ' B', ' B', ' B', ' B', ' C', ' C', ' A', ' B', ' E', ' B', ' D', ' C', ' B', ' E', ' C', ' B', ' C', ' B', ' D', ' A', ' C', ' C', ' D', ' A', ' A', ' C', ' C', ' C', ' A', ' B', ' D', ' C', ' E', ' A', ' C', ' C', ' C', ' A', ' C', ' B', ' B', ' D', ' A', ' A', ' E', ' E', ' D', ' C', ' D', ' A', ' B', ' C', ' A']","[0.13567683754580484, 0.19740863379169446, 0.30337308860479856, 0.20367505649798534, 0.15986638355971694, 0.0]","[1.0, 1.0, 1.0, 1.0, 1.0]",I am satisfied with my current commuting options.
Q1,commuter_profile,"Workers age 29 or younger, with high earnings, living in Queens and working in Manhattan.","Question: What is the commuter profile of this respondent?
A. Workers age 29 or younger, with high earnings, living in Queens and working in Manhattan.
B. N/A
C. N/A
D. N/A
E. N/A
Answer: A.

Answer the following question keeping in mind your previous answers.
Question: Traffic congestion is a major problem in NYC.
A. Strongly disagree
B. Disagree
C. Neutral
D. Agree
E. Strongly agree
Answer:","[' D', ' E', ' A', ' A', ' E', ' B', ' B', ' C', ' C', ' D', ' D', ' C', ' D', ' B', ' C', ' E', ' D', ' D', ' A', ' E', ' A', ' D', ' A', ' C', ' D', ' C', ' A', ' B', ' C', ' B', ' A', ' A', ' D', ' C', ' C', ' A', ' D', ' E', ' D', ' C', ' D', ' D', ' A', ' C', ' D', ' B', ' B', ' B', ' C', ' B', ' E', ' E', ' C', ' B', ' E', ' E', ' A', ' D', ' A', ' E', ' C', ' E', ' D', ' A', ' C', ' E', ' C', ' D', ' C', ' D', ' B', ' B', ' A', ' E', ' D', ' E', ' D', ' B', ' A', ' E', ' E', ' E', ' C', ' C', ' D', ' B', ' B', ' B', ' C', ' C', ' E', ' E', ' A', ' B', ' C', ' E', ' E', ' C', ' E', ' A']","[0.1543478424064002, 0.1997409490582608, 0.24664714987512493, 0.2159714606365254, 0.18329259802368875, 0.0]","[1.0, 1.0, 1.0, 1.0, 1.0]",Traffic congestion is a major problem in NYC.
Q2,commuter_profile,"Workers age 29 or younger, with high earnings, living in Queens and working in Manhattan.","Question: What is the commuter profile of this respondent?
A. Workers age 29 or younger, with high earnings, living in Queens and working in Manhattan.
B. N/A
C. N/A
D. N/A
E. N/A
Answer: A.

Answer the following question keeping in mind your previous answers.
Question: Public transit should be prioritized over road capacity expansion.
A. Strongly disagree
B. Disagree
C. Neutral
D. Agree
E. Strongly agree
Answer:","[' B', ' C', ' A', ' E', ' B', ' C', ' D', ' E', ' C', ' D', ' C', ' D', ' B', ' D', ' C', ' C', ' C', ' A', ' C', ' C', ' C', ' C', ' E', ' D', ' D', ' B', ' C', ' E', ' B', ' A', ' C', ' A', ' D', ' D', ' B', ' E', ' C', ' B', ' E', ' A', ' B', ' C', ' E', ' B', ' C', ' B', ' B', ' B', ' D', ' D', ' D', ' A', ' C', ' A', ' D', ' B', ' E', ' D', ' E', ' B', ' E', ' D', ' A', ' E', ' A', ' E', ' B', ' B', ' C', ' A', ' D', ' D', ' A', ' D', ' C', ' C', ' C', ' D', ' E', ' C', ' B', ' D', ' C', ' C', ' B', ' C', ' B', ' D', ' C', ' D', ' B', ' B', ' D', ' B', ' C', ' A', ' D', ' C', ' A', ' C']","[0.16574971815146497, 0.2144960725951815, 0.26280608179071063, 0.20952727642520444, 0.14742085103743832, 0.0]","[1.0, 1.0, 1.0, 1.0, 1.0]",Public transit should be prioritized over road capacity expansion.
Q4,commuter_profile,"Workers age 29 or younger, with high earnings, living in Queens and working in Manhattan.","Question: What is the commuter profile of this respondent?
A. Workers age 29 or younger, with high earnings, living in Queens and working in Manhattan.
B. N/A
C. N/A
D. N/A
E. N/A
Answer: A.

Answer the following question keeping in mind your previous answers.
Question: I am satisfied with my current commuting options.
A. Strongly disagree
B. Disagree
C. Neutral
D. Agree
E. Strongly agree
Answer:","[' D', ' A', ' E', ' B', ' A', ' A', ' C', ' C', ' D', ' D', ' A', ' E', ' A', ' D', ' C', ' C', ' D', ' B', ' A', ' E', ' B', ' B', ' A', ' C', ' B', ' C', ' E', ' C', ' C', ' D', ' D', ' B', ' E', ' D', ' B', ' C', ' D', ' C', ' D', ' C', ' C', ' D', ' B', ' D', ' D', ' D', ' E', ' D', ' C', ' A', ' A', ' A', ' B', ' D', ' E', ' D', ' E', ' C', ' D', ' D', ' E', ' A', ' D', ' B', ' B', ' D', ' C', ' D', ' B', ' C', ' D', ' D', ' C', ' C', ' D', ' D', ' D', ' D', ' A', ' E', ' B', ' D', ' B', ' D', ' B', ' C', ' B', ' B', ' B', ' C', ' B', ' C', ' E', ' B', ' A', ' E', ' A', ' B', ' A', ' D']","[0.14194401743204457, 0.20492011831255894, 0.2867347970387812, 0.20174312634944103, 0.1646579408671742, 0.0]","[1.0, 1.0, 1.0, 1.0, 1.0]",I am satisfied with my current commuting options.
Q1,commuter_profile,"Workers age 30 to 54, with mid earnings, living in Queens and working in Queens.","Question: What is the commuter profile of this respondent?
A. Workers age 30 to 54, with mid earnings, living in Queens and working in Queens.
B. N/A
C. N/A
D. N/A
E. N/A
Answer: A.

Answer the following question keeping in mind your previous answers.
Question: Traffic congestion is a major problem in NYC.
A. Strongly disagree
B. Disagree
C. Neutral
D. Agree
E. Strongly agree
Answer:","[' B', ' B', ' D', ' C', ' B', ' B', ' C', ' B', ' D', ' A', ' C', ' B', ' D', ' D', ' C', ' E', ' A', ' D', ' B', ' B', ' C', ' A', ' A', ' B', ' C', ' D', ' D', ' B', ' D', ' E', ' E', ' B', ' C', ' B', ' C', ' C', ' C', ' B', ' E', ' A', ' E', ' D', ' D', ' D', ' E', ' C', ' E', ' E', ' A', ' C', ' A', ' D', ' A', ' E', ' B', ' C', ' A', ' C', ' D', ' E', ' A', ' B', ' C', ' B', ' B', ' C', ' D', ' B', ' E', ' A', ' B', ' D', ' B', ' C', ' C', ' B', ' C', ' B', ' C', ' B', ' A', ' D', ' B', ' C', ' A', ' C', ' A', ' C', ' E', ' A', ' B', ' D', ' B', ' E', ' C', ' C', ' B', ' B', ' D', ' B']","[0.13699797323391072, 0.2040578703508553, 0.28110158931385665, 0.218922137880248, 0.1589204292211293, 0.0]","[1.0, 1.0, 1.0, 1.0, 1.0]",Traffic congestion is a major problem in NYC.
Q2,commuter_profile,"Workers age 30 to 54, with mid earnings, living in Queens and working in Queens.","Question: What is the commuter profile of this respondent?
A. Workers age 30 to 54, with mid earnings, living in Queens and working in Queens.
B. N/A
C. N/A
D. N/A
E. N/A
Answer: A.

Answer the following question keeping in mind your previous answers.
Question: Public transit should be prioritized over road capacity expansion.
A. Strongly disagree
B. Disagree
C. Neutral
D. Agree
E. Strongly agree
Answer:","[' C', ' B', ' E', ' C', ' C', ' D', ' D', ' D', ' A', ' E', ' A', ' A', ' B', ' C', ' C', ' A', ' B', ' C', ' D', ' A', ' E', ' B', ' E', ' B', ' E', ' E', ' E', ' C', ' E', ' D', ' A', ' C', ' B', ' C', ' C', ' C', ' C', ' A', ' C', ' B', ' D', ' A', ' A', ' C', ' A', ' B', ' D', ' E', ' B', ' A', ' C', ' B', ' B', ' C', ' C', ' B', ' D', ' C', ' C', ' B', ' C', ' C', ' E', ' D', ' E', ' D', ' A', ' B', ' B', ' C', ' D', ' D', ' A', ' A', ' B', ' A', ' C', ' B', ' E', ' C', ' D', ' C', ' C', ' A', ' C', ' E', ' E', ' D', ' D', ' A', ' E', ' E', ' B', ' C', ' B', ' E', ' B', ' E', ' E', ' B']","[0.15638696977974445, 0.22227070062171306, 0.29446083649563204, 0.19924216834203953, 0.12763932476087092, 0.0]","[1.0, 1.0, 1.0, 1.0, 1.0]",Public transit should be prioritized over road capacity expansion.
Q4,commuter_profile,"Workers age 30 to 54, with mid earnings, living in Queens and working in Queens.","Question: What is the commuter profile of this respondent?
A. Workers age 30 to 54, with mid earnings, living in Queens and working in Queens.
B. N/A
C. N/A
D. N/A
E. N/A
Answer: A.

Answer the following question keeping in mind your previous answers.
Question: I am satisfied with my current commuting options.
A. Strongly disagree
B. Disagree
C. Neutral
D. Agree
E. Strongly agree
Answer:","[' A', ' C', ' E', ' B', ' D', ' B', ' C', ' E', ' B', ' D', ' A', ' E', ' C', ' A', ' B', ' C', ' D', ' C', ' E', ' A', ' C', ' A', ' D', ' D', ' E', ' A', ' E', ' B', ' B', ' A', ' C', ' D', ' C', ' C', ' D', ' D', ' C', ' C', ' C', ' D', ' C', ' E', ' E', ' B', ' E', ' E', ' C', ' E', ' B', ' C', ' C', ' B', ' D', ' D', ' C', ' B', ' D', ' B', ' B', ' C', ' A', ' B', ' B', ' C', ' E', ' A', ' E', ' C', ' B', ' C', ' D', ' D', ' A', ' E', ' A', ' B', ' B', ' E', ' D', ' C', ' A', ' B', ' B', ' C', ' D', ' A', ' D', ' D', ' A', ' A', ' E', ' E', ' E', ' D', ' C', ' A', ' B', ' D', ' E', ' A']","[0.12981061329105453, 0.2090637161409582, 0.3113994731186277, 0.20263150180694517, 0.14709469564241442, 0.0]","[1.0, 1.0, 1.0, 1.0, 1.0]",I am satisfied with my current commuting options.
Q1,commuter_profile,"Workers age 55 or older, with high earnings, living in Queens and working in Manhattan.","Question: What is the commuter profile of this respondent?
A. Workers age 55 or older, with high earnings, living in Queens and working in Manhattan.
B. N/A
C. N/A
D. N/A
E. N/A
Answer: A.

Answer the following question keeping in mind your previous answers.
Question: Traffic congestion is a major problem in NYC.
A. Strongly disagree
B. Disagree
C. Neutral
D. Agree
E. Strongly agree
Answer:","[' B', ' A', ' D', ' C', ' D', ' C', ' C', ' E', ' D', ' B', ' B', ' A', ' D', ' A', ' D', ' E', ' E', ' C', ' D', ' A', ' D', ' B', ' D', ' A', ' C', ' E', ' B', ' A', ' C', ' A', ' A', ' D', ' E', ' E', ' D', ' C', ' D', ' D', ' D', ' C', ' D', ' B', ' B', ' B', ' C', ' C', ' B', ' E', ' C', ' C', ' E', ' E', ' A', ' C', ' D', ' C', ' E', ' D', ' E', ' D', ' B', ' A', ' C', ' B', ' C', ' D', ' C', ' D', ' A', ' E', ' E', ' B', ' D', ' D', ' D', ' B', ' C', ' C', ' B', ' E', ' D', ' D', ' A', ' A', ' C', ' D', ' C', ' D', ' B', ' D', ' E', ' E', ' D', ' A', ' B', ' C', ' A', ' B', ' E', ' C']","[0.14706488964230288, 0.1918087756391314, 0.27049372913352754, 0.2173478174001237, 0.1732847881849144, 0.0]","[1.0, 1.0, 1.0, 1.0, 1.0]",Traffic congestion is a major problem in NYC.
Q2,commuter_profile,"Workers age 55 or older, with high earnings, living in Queens and working in Manhattan.","Question: What is the commuter profile of this respondent?
A. Workers age 55 or older, with high earnings, living in Queens and working in Manhattan.
B. N/A
C. N/A
D. N/A
E. N/A
Answer: A.

Answer the following question keeping in mind your previous answers.
Question: Public transit should be prioritized over road capacity expansion.
A. Strongly disagree
B. Disagree
C. Neutral
D. Agree
E. Strongly agree
Answer:","[' A', ' B', ' D', ' A', ' E', ' D', ' D', ' C', ' D', ' B', ' C', ' B', ' C', ' E', ' B', ' D', ' D', ' A', ' E', ' C', ' C', ' B', ' C', ' E', ' B', ' D', ' D', ' E', ' D', ' C', ' B', ' C', ' B', ' E', ' D', ' B', ' B', ' A', ' E', ' A', ' C', ' B', ' B', ' E', ' C', ' C', ' D', ' C', ' D', ' D', ' C', ' C', ' E', ' D', ' B', ' E', ' D', ' E', ' D', ' C', ' B', ' C', ' B', ' D', ' D', ' E', ' B', ' C', ' C', ' C', ' C', ' A', ' E', ' E', ' A', ' E', ' C', ' A', ' C', ' B', ' B', ' A', ' D', ' C', ' B', ' C', ' C', ' E', ' B', ' D', ' D', ' E', ' B', ' E', ' B', ' A', ' C', ' E', ' C', ' B']","[0.1626826476394758, 0.21551949210243598, 0.2855169383462933, 0.20246182617195407, 0.13381909573984085, 0.0]","[1.0, 1.0, 1.0, 1.0, 1.0]",Public transit should be prioritized over road capacity expansion.
Q4,commuter_profile,"Workers age 55 or older, with high earnings, living in Queens and working in Manhattan.","Question: What is the commuter profile of this respondent?
A. Workers age 55 or older, with high earnings, living in Queens and working in Manhattan.
B. N/A
C. N/A
D. N/A
E. N/A
Answer: A.

Answer the following question keeping in mind your previous answers.
Question: I am satisfied with my current commuting options.
A. Strongly disagree
B. Disagree
C. Neutral
D. Agree
E. Strongly agree
Answer:","[' C', ' C', ' C', ' C', ' D', ' E', ' D', ' D', ' C', ' C', ' D', ' E', ' C', ' C', ' A', ' E', ' D', ' C', ' B', ' C', ' C', ' B', ' C', ' D', ' D', ' D', ' D', ' E', ' D', ' A', ' C', ' A', ' E', ' D', ' B', ' B', ' B', ' C', ' C', ' A', ' D', ' B', ' B', ' E', ' E', ' E', ' E', ' C', ' A', ' C', ' C', ' E', ' B', ' A', ' E', ' D', ' D', ' C', ' B', ' B', ' B', ' C', ' C', ' E', ' E', ' C', ' B', ' E', ' A', ' A', ' D', ' C', ' E', ' D', ' D', ' E', ' E', ' E', ' C', ' D', ' D', ' A', ' C', ' C', ' D', ' B', ' D', ' B', ' C', ' C', ' B', ' D', ' D', ' E', ' C', ' E', ' C', ' D', ' B', ' C']","[0.1334959201271662, 0.19884157786163917, 0.30557520438842617, 0.20355696999276246, 0.15853032763000588, 0.0]","[1.0, 1.0, 1.0, 1.0, 1.0]",I am satisfied with my current commuting options.
Q1,commuter_profile,"Workers age 30 to 54, with high earnings, living in NY_outside_NYC and working in Queens.","Question: What is the commuter profile of this respondent?
A. Workers age 30 to 54, with high earnings, living in NY_outside_NYC and working in Queens.
B. N/A
C. N/A
D. N/A
E. N/A
Answer: A.

Answer the following question keeping in mind your previous answers.
Question: Traffic congestion is a major problem in NYC.
A. Strongly disagree
B. Disagree
C. Neutral
D. Agree
E. Strongly agree
Answer:","[' E', ' C', ' C', ' C', ' A', ' C', ' B', ' A', ' B', ' A', ' C', ' A', ' C', ' C', ' E', ' D', ' D', ' D', ' D', ' E', ' E', ' B', ' B', ' B', ' B', ' D', ' E', ' A', ' B', ' E', ' A', ' A', ' E', ' B', ' A', ' C', ' B', ' C', ' B', ' D', ' E', ' E', ' C', ' E', ' D', ' C', ' D', ' D', ' E', ' B', ' E', ' E', ' C', ' C', ' B', ' E', ' C', ' A', ' E', ' C', ' C', ' A', ' C', ' E', ' E', ' A', ' B', ' E', ' D', ' C', ' A', ' D', ' A', ' A', ' D', ' A', ' E', ' B', ' A', ' C', ' B', ' E', ' C', ' C', ' C', ' B', ' A', ' A', ' D', ' C', ' A', ' E', ' C', ' C', ' B', ' E', ' C', ' A', ' E', ' C']","[0.1357049509993052, 0.19899815454997835, 0.28728738351995137, 0.21685589423266338, 0.16115361669810171, 0.0]","[1.0, 1.0, 1.0, 1.0, 1.0]",Traffic congestion is a major problem in NYC.
Q2,commuter_profile,"Workers age 30 to 54, with high earnings, living in NY_outside_NYC and working in Queens.","Question: What is the commuter profile of this respondent?
A. Workers age 30 to 54, with high earnings, living in NY_outside_NYC and working in Queens.
B. N/A
C. N/A
D. N/A
E. N/A
Answer: A.

Answer the following question keeping in mind your previous answers.
Question: Public transit should be prioritized over road capacity expansion.
A. Strongly disagree
B. Disagree
C. Neutral
D. Agree
E. Strongly agree
Answer:","[' C', ' A', ' B', ' C', ' A', ' C', ' E', ' C', ' D', ' E', ' A', ' A', ' C', ' E', ' C', ' D', ' D', ' A', ' C', ' C', ' B', ' A', ' D', ' B', ' D', ' B', ' A', ' C', ' D', ' B', ' C', ' D', ' B', ' D', ' A', ' C', ' B', ' B', ' E', ' B', ' D', ' C', ' E', ' E', ' A', ' E', ' C', ' D', ' A', ' D', ' D', ' E', ' C', ' A', ' C', ' D', ' A', ' D', ' A', ' C', ' C', ' E', ' B', ' B', ' D', ' C', ' E', ' B', ' C', ' B', ' E', ' C', ' C', ' C', ' E', ' D', ' C', ' B', ' C', ' E', ' C', ' A', ' D', ' E', ' B', ' A', ' B', ' B', ' C', ' C', ' D', ' B', ' C', ' C', ' A', ' C', ' B', ' A', ' C', ' C']","[0.15186487923012545, 0.21084350441622934, 0.30201937563854003, 0.20435653175366933, 0.13091570896143573, 0.0]","[1.0, 1.0, 1.0, 1.0, 1.0]",Public transit should be prioritized over road capacity expansion.
Q4,commuter_profile,"Workers age 30 to 54, with high earnings, living in NY_outside_NYC and working in Queens.","Question: What is the commuter profile of this respondent?
A. Workers age 30 to 54, with high earnings, living in NY_outside_NYC and working in Queens.
B. N/A
C. N/A
D. N/A
E. N/A
Answer: A.

Answer the following question keeping in mind your previous answers.
Question: I am satisfied with my current commuting options.
A. Strongly disagree
B. Disagree
C. Neutral
D. Agree
E. Strongly agree
Answer:","[' D', ' C', ' E', ' C', ' E', ' A', ' C', ' B', ' A', ' A', ' B', ' B', ' C', ' C', ' B', ' D', ' C', ' D', ' C', ' B', ' B', ' E', ' C', ' C', ' C', ' C', ' B', ' D', ' D', ' E', ' C', ' A', ' C', ' C', ' C', ' B', ' C', ' C', ' E', ' A', ' B', ' E', ' C', ' A', ' B', ' C', ' C', ' D', ' D', ' B', ' D', ' D', ' C', ' C', ' C', ' E', ' C', ' C', ' E', ' C', ' B', ' E', ' C', ' B', ' B', ' A', ' C', ' B', ' E', ' B', ' D', ' C', ' E', ' C', ' B', ' D', ' D', ' D', ' B', ' C', ' C', ' D', ' C', ' A', ' D', ' C', ' C', ' D', ' E', ' C', ' D', ' D', ' C', ' D', ' C', ' E', ' A', ' B', ' B', ' E']","[0.12932337772729888, 0.19413738366525138, 0.3126638249519566, 0.20665816918047064, 0.15721724447502242, 0.0]","[1.0, 1.0, 1.0, 1.0, 1.0]",I am satisfied with my current commuting options.
Q1,commuter_profile,"Workers age 30 to 54, with high earnings, living in Queens and working in NY_outside_NYC.","Question: What is the commuter profile of this respondent?
A. Workers age 30 to 54, with high earnings, living in Queens and working in NY_outside_NYC.
B. N/A
C. N/A
D. N/A
E. N/A
Answer: A.

Answer the following question keeping in mind your previous answers.
Question: Traffic congestion is a major problem in NYC.
A. Strongly disagree
B. Disagree
C. Neutral
D. Agree
E. Strongly agree
Answer:","[' C', ' E', ' C', ' B', ' D', ' D', ' D', ' A', ' C', ' B', ' B', ' C', ' B', ' C', ' A', ' C', ' E', ' C', ' B', ' D', ' C', ' E', ' E', ' D', ' C', ' A', ' A', ' C', ' D', ' C', ' E', ' C', ' A', ' C', ' E', ' B', ' D', ' D', ' B', ' D', ' B', ' C', ' D', ' A', ' E', ' C', ' D', ' D', ' E', ' C', ' D', ' C', ' B', ' C', ' E', ' E', ' B', ' C', ' B', ' B', ' B', ' C', ' C', ' B', ' E', ' A', ' C', ' D', ' D', ' D', ' D', ' C', ' D', ' A', ' B', ' B', ' B', ' A', ' C', ' D', ' D', ' A', ' D', ' B', ' E', ' B', ' C', ' C', ' B', ' D', ' D', ' D', ' A', ' C', ' D', ' E', ' C', ' A', ' B', ' C']","[0.13532270423255138, 0.1999939923197495, 0.2864781671083833, 0.21624506563863238, 0.1619600707006834, 0.0]","[1.0, 1.0, 1.0, 1.0, 1.0]",Traffic congestion is a major problem in NYC.
Q2,commuter_profile,"Workers age 30 to 54, with high earnings, living in Queens and working in NY_outside_NYC.","Question: What is the commuter profile of this respondent?
A. Workers age 30 to 54, with high earnings, living in Queens and working in NY_outside_NYC.
B. N/A
C. N/A
D. N/A
E. N/A
Answer: A.

Answer the following question keeping in mind your previous answers.
Question: Public transit should be prioritized over road capacity expansion.
A. Strongly disagree
B. Disagree
C. Neutral
D. Agree
E. Strongly agree
Answer:","[' B', ' D', ' C', ' D', ' D', ' C', ' C', ' A', ' E', ' D', ' C', ' A', ' C', ' D', ' D', ' B', ' B', ' B', ' C', ' B', ' D', ' B', ' C', ' A', ' D', ' A', ' A', ' C', ' E', ' C', ' D', ' C', ' E', ' B', ' A', ' C', ' C', ' B', ' A', ' C', ' B', ' A', ' E', ' E', ' B', ' A', ' D', ' C', ' D', ' A', ' E', ' D', ' E', ' A', ' C', ' D', ' A', ' D', ' C', ' C', ' C', ' C', ' D', ' C', ' C', ' D', ' C', ' B', ' E', ' E', ' B', ' B', ' B', ' C', ' C', ' E', ' D', ' C', ' B', ' C', ' E', ' C', ' A', ' B', ' A', ' C', ' E', ' D', ' A', ' E', ' B', ' E', ' C', ' D', ' C', ' B', ' C', ' E', ' C', ' C']","[0.1556859118625256, 0.20949829316969518, 0.29543994730040335, 0.20305270830613703, 0.1363231393612388, 0.0]","[1.0, 1.0, 1.0, 1.0, 1.0]",Public transit should be prioritized over road capacity expansion.
Q4,commuter_profile,"Workers age 30 to 54, with high earnings, living in Queens and working in NY_outside_NYC.","Question: What is the commuter profile of this respondent?
A. Workers age 30 to 54, with high earnings, living in Queens and working in NY_outside_NYC.
B. N/A
C. N/A
D. N/A
E. N/A
Answer: A.

Answer the following question keeping in mind your previous answers.
Question: I am satisfied with my current commuting options.
A. Strongly disagree
B. Disagree
C. Neutral
D. Agree
E. Strongly agree
Answer:","[' C', ' D', ' C', ' A', ' C', ' D', ' D', ' A', ' C', ' B', ' A', ' E', ' D', ' C', ' D', ' D', ' A', ' C', ' B', ' A', ' D', ' E', ' C', ' D', ' C', ' C', ' C', ' D', ' B', ' C', ' A', ' C', ' D', ' C', ' A', ' E', ' D', ' D', ' B', ' E', ' C', ' B', ' B', ' A', ' D', ' E', ' E', ' D', ' C', ' C', ' D', ' A', ' A', ' C', ' C', ' E', ' D', ' A', ' C', ' A', ' E', ' D', ' D', ' C', ' A', ' D', ' D', ' C', ' B', ' E', ' C', ' D', ' E', ' D', ' A', ' E', ' E', ' E', ' D', ' A', ' A', ' D', ' A', ' E', ' B', ' C', ' B', ' D', ' D', ' B', ' C', ' C', ' D', ' E', ' C', ' A', ' E', ' D', ' B', ' D']","[0.13075921821788855, 0.19324959719297652, 0.3088119770191692, 0.2057131254000318, 0.1614660821699339, 0.0]","[1.0, 1.0, 1.0, 1.0, 1.0]",I am satisfied with my current commuting options.
Q1,commuter_profile,"Workers age 55 or older, with mid earnings, living in Brooklyn and working in Brooklyn.","Question: What is the commuter profile of this respondent?
A. Workers age 55 or older, with mid earnings, living in Brooklyn and working in Brooklyn.
B. N/A
C. N/A
D. N/A
E. N/A
Answer: A.

Answer the following question keeping in mind your previous answers.
Question: Traffic congestion is a major problem in NYC.
A. Strongly disagree
B. Disagree
C. Neutral
D. Agree
E. Strongly agree
Answer:","[' C', ' B', ' B', ' B', ' D', ' B', ' C', ' D', ' C', ' E', ' C', ' C', ' C', ' B', ' E', ' C', ' C', ' D', ' B', ' D', ' E', ' C', ' E', ' C', ' D', ' C', ' C', ' B', ' A', ' B', ' E', ' C', ' C', ' E', ' C', ' E', ' C', ' B', ' E', ' B', ' D', ' C', ' E', ' E', ' D', ' A', ' A', ' C', ' D', ' A', ' C', ' A', ' B', ' A', ' B', ' C', ' B', ' D', ' A', ' B', ' B', ' C', ' D', ' C', ' D', ' E', ' A', ' E', ' C', ' D', ' C', ' C', ' A', ' B', ' B', ' B', ' B', ' B', ' C', ' D', ' D', ' E', ' A', ' D', ' B', ' A', ' B', ' C', ' A', ' B', ' C', ' D', ' C', ' C', ' C', ' A', ' E', ' E', ' D', ' C']","[0.14111104040564557, 0.19438866856522866, 0.28728782881305337, 0.21855705485204927, 0.15865540736402306, 0.0]","[1.0, 1.0, 1.0, 1.0, 1.0]",Traffic congestion is a major problem in NYC.
Q2,commuter_profile,"Workers age 55 or older, with mid earnings, living in Brooklyn and working in Brooklyn.","Question: What is the commuter profile of this respondent?
A. Workers age 55 or older, with mid earnings, living in Brooklyn and working in Brooklyn.
B. N/A
C. N/A
D. N/A
E. N/A
Answer: A.

Answer the following question keeping in mind your previous answers.
Question: Public transit should be prioritized over road capacity expansion.
A. Strongly disagree
B. Disagree
C. Neutral
D. Agree
E. Strongly agree
Answer:","[' A', ' C', ' D', ' D', ' D', ' C', ' D', ' C', ' A', ' C', ' A', ' E', ' E', ' B', ' B', ' D', ' B', ' B', ' B', ' B', ' C', ' E', ' B', ' E', ' C', ' E', ' D', ' B', ' C', ' A', ' A', ' C', ' D', ' C', ' B', ' D', ' E', ' B', ' C', ' C', ' E', ' A', ' C', ' E', ' C', ' D', ' D', ' C', ' B', ' C', ' C', ' B', ' D', ' C', ' C', ' D', ' D', ' E', ' C', ' B', ' D', ' E', ' D', ' D', ' C', ' C', ' C', ' A', ' D', ' D', ' B', ' D', ' D', ' A', ' A', ' C', ' B', ' B', ' C', ' C', ' D', ' C', ' B', ' A', ' A', ' B', ' C', ' D', ' B', ' C', ' E', ' C', ' D', ' C', ' D', ' C', ' C', ' D', ' B', ' D']","[0.15242982535360722, 0.20834686865980578, 0.29844311003605156, 0.20834686865980578, 0.1324333272907296, 0.0]","[1.0, 1.0, 1.0, 1.0, 1.0]",Public transit should be prioritized over road capacity expansion.
Q4,commuter_profile,"Workers age 55 or older, with mid earnings, living in Brooklyn and working in Brooklyn.","Question: What is the commuter profile of this respondent?
A. Workers age 55 or older, with mid earnings, living in Brooklyn and working in Brooklyn.
B. N/A
C. N/A
D. N/A
E. N/A
Answer: A.

Answer the following question keeping in mind your previous answers.
Question: I am satisfied with my current commuting options.
A. Strongly disagree
B. Disagree
C. Neutral
D. Agree
E. Strongly agree
Answer:","[' C', ' B', ' E', ' E', ' C', ' D', ' B', ' B', ' B', ' D', ' B', ' E', ' A', ' B', ' A', ' D', ' C', ' C', ' B', ' C', ' C', ' B', ' C', ' B', ' A', ' D', ' D', ' D', ' E', ' C', ' C', ' C', ' C', ' D', ' A', ' C', ' C', ' C', ' A', ' D', ' A', ' C', ' B', ' A', ' B', ' A', ' B', ' D', ' D', ' C', ' D', ' C', ' C', ' E', ' B', ' E', ' D', ' D', ' A', ' A', ' A', ' C', ' E', ' E', ' D', ' A', ' D', ' D', ' D', ' D', ' B', ' B', ' D', ' D', ' E', ' C', ' E', ' B', ' E', ' E', ' C', ' A', ' C', ' D', ' C', ' A', ' B', ' D', ' A', ' E', ' B', ' B', ' A', ' E', ' E', ' B', ' A', ' D', ' E', ' A']","[0.1319916315238297, 0.19969696110996907, 0.31663146387292385, 0.20443263807025963, 0.14724730542301778, 0.0]","[1.0, 1.0, 1.0, 1.0, 1.0]",I am satisfied with my current commuting options.
